config,fold,inicio_validacao,taxa_aprendizado,class_weight,l2,iteracoes,convergiu,custo_final,tempo_treino_s,mcc,f1,precision,recall,accuracy,roc_auc,pr_auc
lr_0.2_sem_balanceamento,1,2014-08-27,0.2,nenhum,0.0,6000,False,0.5951085213230688,4.040084200009005,0.3427856716221667,0.56568676299618,0.6431268882175226,0.5048917877260599,0.6959302325581396,0.7411587454612477,0.6107798814943094
lr_0.2_sem_balanceamento,2,2016-04-20,0.2,nenhum,0.0,3676,True,0.5906508153319666,6.4262999999918975,0.30220287928609946,0.5210326773785882,0.5884991843393148,0.467444120505345,0.6915116279069767,0.7097640521144151,0.5497511736464249
lr_0.2_sem_balanceamento,3,2017-12-13,0.2,nenhum,0.0,4403,True,0.5913061524988801,11.902991599985398,0.23860422960679042,0.4428660956757886,0.5292061907139292,0.3807471264367816,0.686235294117647,0.6741694266145444,0.48773192692706174
lr_0.2_sem_balanceamento,4,2019-07-31,0.2,nenhum,0.0,5218,True,0.59261995723451,18.54044369998155,0.23214829907396825,0.4017171260732038,0.5666029318036966,0.3111655582779139,0.6884705882352942,0.6675320652440561,0.4993168457300689
lr_0.5_sem_balanceamento,1,2014-08-27,0.5,nenhum,0.0,6000,False,0.5950950719082418,5.441434200009098,0.34385667881097676,0.5664951021085838,0.6437735849056604,0.5057812036762526,0.6963953488372093,0.7407384551614626,0.6063711679437064
lr_0.5_sem_balanceamento,2,2016-04-20,0.5,nenhum,0.0,1598,True,0.5906508132267917,2.833174700004747,0.30220287928609946,0.5210326773785882,0.5884991843393148,0.467444120505345,0.6915116279069767,0.7097629356908908,0.5497499000068318
lr_0.5_sem_balanceamento,3,2017-12-13,0.5,nenhum,0.0,1930,True,0.5913061497216343,5.409421200020006,0.23860422960679042,0.4428660956757886,0.5292061907139292,0.3807471264367816,0.686235294117647,0.6741685468497381,0.48772816409488895
lr_0.5_sem_balanceamento,4,2019-07-31,0.5,nenhum,0.0,2304,True,0.5926199536730613,8.24594380002236,0.23214829907396825,0.4017171260732038,0.5666029318036966,0.3111655582779139,0.6884705882352942,0.6675324994319891,0.4993139034659603
lr_1_sem_balanceamento,1,2014-08-27,1.0,nenhum,0.0,5851,True,0.5950943781233999,5.373085799976252,0.34349891766246443,0.566738517658763,0.6429646350639578,0.5066706196264453,0.6961627906976744,0.7406443010592167,0.6051985176546424
lr_1_sem_balanceamento,2,2016-04-20,1.0,nenhum,0.0,846,True,0.5906508125343276,1.499235299997963,0.30220287928609946,0.5210326773785882,0.5884991843393148,0.467444120505345,0.6915116279069767,0.7097633470048207,0.5497477993728418
lr_1_sem_balanceamento,3,2017-12-13,1.0,nenhum,0.0,1028,True,0.5913061487986682,3.032679600000847,0.23860422960679042,0.4428660956757886,0.5292061907139292,0.3807471264367816,0.686235294117647,0.6741684211690515,0.4877277776701696
lr_1_sem_balanceamento,4,2019-07-31,1.0,nenhum,0.0,1233,True,0.5926199524936602,4.670415400003549,0.23214829907396825,0.4017171260732038,0.5666029318036966,0.3111655582779139,0.6884705882352942,0.6675335538883981,0.4993145268364625
lr_0.2_balanceado,1,2014-08-27,0.2,balanced,0.0,6000,False,0.6151425049714021,5.930183699994814,0.3659465418213756,0.6398122800156434,0.5709632387156817,0.7275422472576342,0.6787209302325582,0.740067295226597,0.607077788702604
lr_0.2_balanceado,2,2016-04-20,0.2,balanced,0.0,3816,True,0.6102713979536389,7.189704000018537,0.30126030621554734,0.5824298026132888,0.5101046992938885,0.6786524133462909,0.6506976744186046,0.7080127949186982,0.5461688581721884
lr_0.2_balanceado,3,2017-12-13,0.2,balanced,0.0,4537,True,0.6159715521646618,12.978718000027584,0.2573510732801215,0.5257633587786259,0.4717465753424658,0.59375,0.6491764705882352,0.6730470352428755,0.4860157012701205
lr_0.2_balanceado,4,2019-07-31,0.2,balanced,0.0,5349,True,0.6238714855011595,21.02457140001934,0.2562327607064605,0.5165829145728643,0.49534211371667203,0.5397269863493175,0.6604705882352941,0.6678176988771465,0.4990611308511518
lr_0.5_balanceado,1,2014-08-27,0.5,balanced,0.0,6000,False,0.6151243999647491,5.651572899980238,0.3649097484414207,0.6393015376596299,0.5703324808184144,0.7272457752742366,0.6781395348837209,0.7397431442059125,0.6021699745961171
lr_0.5_balanceado,2,2016-04-20,0.5,balanced,0.0,1654,True,0.6102713958485966,3.1384901000128593,0.30126030621554734,0.5824298026132888,0.5101046992938885,0.6786524133462909,0.6506976744186046,0.7080117960134397,0.5461669851565201
lr_0.5_balanceado,3,2017-12-13,0.5,balanced,0.0,1980,True,0.615971549443326,5.229281300009461,0.2573510732801215,0.5257633587786259,0.4717465753424658,0.59375,0.6491764705882352,0.6730474122849353,0.4860130492858341
lr_0.5_balanceado,4,2019-07-31,0.5,balanced,0.0,2348,True,0.623871482074751,8.439835500001209,0.2562327607064605,0.5165829145728643,0.49534211371667203,0.5397269863493175,0.6604705882352941,0.667818071038232,0.49906228170535927
lr_1_balanceado,1,2014-08-27,1.0,balanced,0.0,5869,True,0.6151235706505093,5.571857099974295,0.3649097484414207,0.6393015376596299,0.5703324808184144,0.7272457752742366,0.6781395348837209,0.7397075244612074,0.601229449365063
lr_1_balanceado,2,2016-04-20,1.0,balanced,0.0,874,True,0.6102713951549571,1.6343614000070374,0.30126030621554734,0.5824298026132888,0.5101046992938885,0.6786524133462909,0.6506976744186046,0.7080116784951739,0.5461665950448773
lr_1_balanceado,3,2017-12-13,1.0,balanced,0.0,1052,True,0.6159715485349464,3.390295499993954,0.2573510732801215,0.5257633587786259,0.4717465753424658,0.59375,0.6491764705882352,0.6730467210411588,0.4860107413386849
lr_1_balanceado,4,2019-07-31,1.0,balanced,0.0,1252,True,0.6238714809376769,3.9721976000000723,0.2562327607064605,0.5165829145728643,0.49534211371667203,0.5397269863493175,0.6604705882352941,0.6678181950919272,0.4990573263335538
