fold,seed,teto,epoca,perda
1,42,100,1,0.6208926442089371
1,42,100,2,0.591585191195852
1,42,100,3,0.5801047853933919
1,42,100,4,0.5716448726984786
1,42,100,5,0.5657661427776128
1,42,100,6,0.5621009528361178
1,42,100,7,0.5604534097200651
1,42,100,8,0.5577940016038275
1,42,100,9,0.5565578437365855
1,42,100,10,0.5535583247161965
1,42,100,11,0.5522228480547204
1,42,100,12,0.5512640971529585
1,42,100,13,0.550277980634623
1,42,100,14,0.5489079123607942
1,42,100,15,0.5484394957798935
1,42,100,16,0.5490091043460502
1,42,100,17,0.5474875684636985
1,42,100,18,0.5462575635291431
1,42,100,19,0.544408528543226
1,42,100,20,0.5443029683914388
1,42,100,21,0.5432552267600337
1,42,100,22,0.5436546643046877
1,42,100,23,0.5427313253879384
1,42,100,24,0.5427297160501997
1,42,100,25,0.5410444757503093
1,42,100,26,0.5406715457353672
1,42,100,27,0.5393303789323635
1,42,100,28,0.5407452530819656
1,42,100,29,0.5400083692558759
1,42,100,30,0.538976924682784
1,42,100,31,0.5405836268789359
1,42,100,32,0.5387644140528837
1,42,100,33,0.5369416238233167
1,42,100,34,0.5382656189981938
1,42,100,35,0.5364318460130709
1,42,100,36,0.5371887093936253
1,42,100,37,0.5359951310198253
1,42,100,38,0.535334792224705
1,42,100,39,0.5338295635174027
1,42,100,40,0.5333348041782234
1,42,100,41,0.5332404423965956
1,42,100,42,0.5337997518622513
1,42,100,43,0.5341803535049447
1,42,100,44,0.533098066224091
1,42,100,45,0.5324338953895141
1,42,100,46,0.5309887318453332
1,42,100,47,0.5316263530861243
1,42,100,48,0.5319528677058953
1,42,100,49,0.531380021199257
1,42,100,50,0.5313474102789659
1,42,100,51,0.5311444825056206
1,42,100,52,0.5308245465857475
1,42,100,53,0.5283572260699435
1,42,100,54,0.5285898508569169
1,42,100,55,0.5321598924086841
1,42,100,56,0.5302180142813515
1,42,100,57,0.5286565312795657
1,42,100,58,0.5293338791824468
1,42,100,59,0.5287423322721387
1,42,100,60,0.5292154865640137
1,42,100,61,0.527488669796987
1,42,100,62,0.5272658459476376
1,42,100,63,0.5269829520445709
1,42,100,64,0.52688835845457
1,42,100,65,0.5260785601866244
1,42,100,66,0.528563075898532
1,42,100,67,0.527477187020532
1,42,100,68,0.5250916914200974
1,42,100,69,0.5251740018432327
1,42,100,70,0.5251153188642713
1,42,100,71,0.5255792094808678
1,42,100,72,0.5260379710647299
1,42,100,73,0.5248512484793303
1,42,100,74,0.5243541489222865
1,42,100,75,0.525040469803995
1,42,100,76,0.5259414508053236
1,42,100,77,0.5261520698734488
1,42,100,78,0.5268064883190187
1,42,100,79,0.5250487409063284
1,42,100,80,0.5238107941713053
1,42,100,81,0.5241090331446765
1,42,100,82,0.5237962580867378
1,42,100,83,0.5236120364213042
1,42,100,84,0.5226138167453608
1,42,100,85,0.5240816876317903
1,42,100,86,0.5233761980609823
1,42,100,87,0.5231409747765432
1,42,100,88,0.5226825458238374
1,42,100,89,0.523555600879882
1,42,100,90,0.5254194055601735
1,42,100,91,0.5215736362352597
1,42,100,92,0.5236520778422472
1,42,100,93,0.5224386416216379
1,42,100,94,0.521958257478819
1,42,100,95,0.5206202712760248
1,42,100,96,0.5221838734283107
1,42,100,97,0.5226856187064565
1,42,100,98,0.5210523466473757
1,42,100,99,0.522035836988952
1,42,100,100,0.5207336683696278
1,42,800,1,0.6208926442089371
1,42,800,2,0.591585191195852
1,42,800,3,0.5801047853933919
1,42,800,4,0.5716448726984786
1,42,800,5,0.5657661427776128
1,42,800,6,0.5621009528361178
1,42,800,7,0.5604534097200651
1,42,800,8,0.5577940016038275
1,42,800,9,0.5565578437365855
1,42,800,10,0.5535583247161965
1,42,800,11,0.5522228480547204
1,42,800,12,0.5512640971529585
1,42,800,13,0.550277980634623
1,42,800,14,0.5489079123607942
1,42,800,15,0.5484394957798935
1,42,800,16,0.5490091043460502
1,42,800,17,0.5474875684636985
1,42,800,18,0.5462575635291431
1,42,800,19,0.544408528543226
1,42,800,20,0.5443029683914388
1,42,800,21,0.5432552267600337
1,42,800,22,0.5436546643046877
1,42,800,23,0.5427313253879384
1,42,800,24,0.5427297160501997
1,42,800,25,0.5410444757503093
1,42,800,26,0.5406715457353672
1,42,800,27,0.5393303789323635
1,42,800,28,0.5407452530819656
1,42,800,29,0.5400083692558759
1,42,800,30,0.538976924682784
1,42,800,31,0.5405836268789359
1,42,800,32,0.5387644140528837
1,42,800,33,0.5369416238233167
1,42,800,34,0.5382656189981938
1,42,800,35,0.5364318460130709
1,42,800,36,0.5371887093936253
1,42,800,37,0.5359951310198253
1,42,800,38,0.535334792224705
1,42,800,39,0.5338295635174027
1,42,800,40,0.5333348041782234
1,42,800,41,0.5332404423965956
1,42,800,42,0.5337997518622513
1,42,800,43,0.5341803535049447
1,42,800,44,0.533098066224091
1,42,800,45,0.5324338953895141
1,42,800,46,0.5309887318453332
1,42,800,47,0.5316263530861243
1,42,800,48,0.5319528677058953
1,42,800,49,0.531380021199257
1,42,800,50,0.5313474102789659
1,42,800,51,0.5311444825056206
1,42,800,52,0.5308245465857475
1,42,800,53,0.5283572260699435
1,42,800,54,0.5285898508569169
1,42,800,55,0.5321598924086841
1,42,800,56,0.5302180142813515
1,42,800,57,0.5286565312795657
1,42,800,58,0.5293338791824468
1,42,800,59,0.5287423322721387
1,42,800,60,0.5292154865640137
1,42,800,61,0.527488669796987
1,42,800,62,0.5272658459476376
1,42,800,63,0.5269829520445709
1,42,800,64,0.52688835845457
1,42,800,65,0.5260785601866244
1,42,800,66,0.528563075898532
1,42,800,67,0.527477187020532
1,42,800,68,0.5250916914200974
1,42,800,69,0.5251740018432327
1,42,800,70,0.5251153188642713
1,42,800,71,0.5255792094808678
1,42,800,72,0.5260379710647299
1,42,800,73,0.5248512484793303
1,42,800,74,0.5243541489222865
1,42,800,75,0.525040469803995
1,42,800,76,0.5259414508053236
1,42,800,77,0.5261520698734488
1,42,800,78,0.5268064883190187
1,42,800,79,0.5250487409063284
1,42,800,80,0.5238107941713053
1,42,800,81,0.5241090331446765
1,42,800,82,0.5237962580867378
1,42,800,83,0.5236120364213042
1,42,800,84,0.5226138167453608
1,42,800,85,0.5240816876317903
1,42,800,86,0.5233761980609823
1,42,800,87,0.5231409747765432
1,42,800,88,0.5226825458238374
1,42,800,89,0.523555600879882
1,42,800,90,0.5254194055601735
1,42,800,91,0.5215736362352597
1,42,800,92,0.5236520778422472
1,42,800,93,0.5224386416216379
1,42,800,94,0.521958257478819
1,42,800,95,0.5206202712760248
1,42,800,96,0.5221838734283107
1,42,800,97,0.5226856187064565
1,42,800,98,0.5210523466473757
1,42,800,99,0.522035836988952
1,42,800,100,0.5207336683696278
1,42,800,101,0.5209434126806098
1,42,800,102,0.5219652086158908
1,42,800,103,0.5201327584986328
1,42,800,104,0.520604904597878
1,42,800,105,0.5202728200431794
1,42,800,106,0.5200763400031269
1,42,800,107,0.5191157918784867
1,42,800,108,0.5202481123715236
1,42,800,109,0.5204770597872811
1,42,800,110,0.5187018014361624
1,42,800,111,0.5190851415272911
1,42,800,112,0.5214013041686549
1,42,800,113,0.5189798652072702
1,42,800,114,0.5201048366602129
1,42,800,115,0.5194449475729945
1,42,800,116,0.5203315369136714
1,42,800,117,0.5189077896570764
1,42,800,118,0.5204454296637956
1,42,800,119,0.5182640682265012
1,42,800,120,0.5196245029546412
1,42,800,121,0.5179152699363416
1,42,800,122,0.5182557874275036
1,42,800,123,0.5182710136023632
1,42,800,124,0.5181922842834049
1,42,800,125,0.5206788042533295
1,42,800,126,0.5195404992412518
1,42,800,127,0.5184883934093517
1,42,800,128,0.5208599605505353
1,42,800,129,0.5196562093196406
1,42,800,130,0.5198123176177968
1,42,800,131,0.5171172808866558
1,42,800,132,0.5191697606372413
1,42,800,133,0.5163079901636649
1,42,800,134,0.5177027555058071
1,42,800,135,0.517644460808335
1,42,800,136,0.5165468373645224
1,42,800,137,0.5189157180403385
1,42,800,138,0.519398344673476
1,42,800,139,0.5173705623986596
1,42,800,140,0.5187440919638217
1,42,800,141,0.5176161060904704
1,42,800,142,0.5162383935289553
1,42,800,143,0.5171625440263413
1,42,800,144,0.5182354398419237
1,1337,100,1,0.6443005598082406
1,1337,100,2,0.5880000065614986
1,1337,100,3,0.5774126498633366
1,1337,100,4,0.5699587846707309
1,1337,100,5,0.5667650615468142
1,1337,100,6,0.5608931900047929
1,1337,100,7,0.558175106266393
1,1337,100,8,0.558685696367854
1,1337,100,9,0.5548602780983918
1,1337,100,10,0.553756233752209
1,1337,100,11,0.5517101901419289
1,1337,100,12,0.5498498187804073
1,1337,100,13,0.5503999435485606
1,1337,100,14,0.5488757752483305
1,1337,100,15,0.5476895639691147
1,1337,100,16,0.5459852058223963
1,1337,100,17,0.5449705121018342
1,1337,100,18,0.5448370076763702
1,1337,100,19,0.5433165278304236
1,1337,100,20,0.5429670187424644
1,1337,100,21,0.542215846781941
1,1337,100,22,0.5421197144874997
1,1337,100,23,0.5397660746662838
1,1337,100,24,0.5397782399460026
1,1337,100,25,0.5407506760606536
1,1337,100,26,0.5382320901991817
1,1337,100,27,0.5404432359657986
1,1337,100,28,0.539064719547552
1,1337,100,29,0.537778461231972
1,1337,100,30,0.5365546187830095
1,1337,100,31,0.5377711095814903
1,1337,100,32,0.5379263013200735
1,1337,100,33,0.5368183210919805
1,1337,100,34,0.5361605894476197
1,1337,100,35,0.5368652423130751
1,1337,100,36,0.5344541860157637
1,1337,100,37,0.5338416501134791
1,1337,100,38,0.5342167086117792
1,1337,100,39,0.5352402600130006
1,1337,100,40,0.533630208039368
1,1337,100,41,0.5326715588064396
1,1337,100,42,0.5322080029184256
1,1337,100,43,0.532043844709537
1,1337,100,44,0.5324345961837166
1,1337,100,45,0.5318759549138247
1,1337,100,46,0.5312063125631009
1,1337,100,47,0.5317251576642102
1,1337,100,48,0.5326674371259892
1,1337,100,49,0.5327223907537411
1,1337,100,50,0.5314321902368194
1,1337,100,51,0.5330066370786566
1,1337,100,52,0.5295136628325678
1,1337,100,53,0.5298995530728642
1,1337,100,54,0.5304637571766737
1,1337,100,55,0.5294103225893492
1,1337,100,56,0.53048509398439
1,1337,100,57,0.5286714888697212
1,1337,100,58,0.5296319635045275
1,1337,100,59,0.5289657895328317
1,1337,100,60,0.5283880951067723
1,1337,100,61,0.5293765138666382
1,1337,100,62,0.5286842503205103
1,1337,100,63,0.5272440478331502
1,1337,100,64,0.5271255380248726
1,1337,100,65,0.5260629013549443
1,1337,100,66,0.5282054436803019
1,1337,100,67,0.5273376870777426
1,1337,100,68,0.5259398395590889
1,1337,100,69,0.5276433323528432
1,1337,100,70,0.526205856004582
1,1337,100,71,0.5252391136216357
1,1337,100,72,0.5269658276570808
1,1337,100,73,0.5259841071886769
1,1337,100,74,0.5253565977094894
1,1337,100,75,0.5238451365148666
1,1337,100,76,0.5261003860209477
1,1337,100,77,0.524869589435708
1,1337,100,78,0.524701147816393
1,1337,100,79,0.5249381938791158
1,1337,100,80,0.5253299129071336
1,1337,100,81,0.5241496641613684
1,1337,100,82,0.5242267931970414
1,1337,100,83,0.5241371075718034
1,1337,100,84,0.5241990602917702
1,1337,100,85,0.5255224543978416
1,1337,100,86,0.5258671391321637
1,1337,800,1,0.6443005598082406
1,1337,800,2,0.5880000065614986
1,1337,800,3,0.5774126498633366
1,1337,800,4,0.5699587846707309
1,1337,800,5,0.5667650615468142
1,1337,800,6,0.5608931900047929
1,1337,800,7,0.558175106266393
1,1337,800,8,0.558685696367854
1,1337,800,9,0.5548602780983918
1,1337,800,10,0.553756233752209
1,1337,800,11,0.5517101901419289
1,1337,800,12,0.5498498187804073
1,1337,800,13,0.5503999435485606
1,1337,800,14,0.5488757752483305
1,1337,800,15,0.5476895639691147
1,1337,800,16,0.5459852058223963
1,1337,800,17,0.5449705121018342
1,1337,800,18,0.5448370076763702
1,1337,800,19,0.5433165278304236
1,1337,800,20,0.5429670187424644
1,1337,800,21,0.542215846781941
1,1337,800,22,0.5421197144874997
1,1337,800,23,0.5397660746662838
1,1337,800,24,0.5397782399460026
1,1337,800,25,0.5407506760606536
1,1337,800,26,0.5382320901991817
1,1337,800,27,0.5404432359657986
1,1337,800,28,0.539064719547552
1,1337,800,29,0.537778461231972
1,1337,800,30,0.5365546187830095
1,1337,800,31,0.5377711095814903
1,1337,800,32,0.5379263013200735
1,1337,800,33,0.5368183210919805
1,1337,800,34,0.5361605894476197
1,1337,800,35,0.5368652423130751
1,1337,800,36,0.5344541860157637
1,1337,800,37,0.5338416501134791
1,1337,800,38,0.5342167086117792
1,1337,800,39,0.5352402600130006
1,1337,800,40,0.533630208039368
1,1337,800,41,0.5326715588064396
1,1337,800,42,0.5322080029184256
1,1337,800,43,0.532043844709537
1,1337,800,44,0.5324345961837166
1,1337,800,45,0.5318759549138247
1,1337,800,46,0.5312063125631009
1,1337,800,47,0.5317251576642102
1,1337,800,48,0.5326674371259892
1,1337,800,49,0.5327223907537411
1,1337,800,50,0.5314321902368194
1,1337,800,51,0.5330066370786566
1,1337,800,52,0.5295136628325678
1,1337,800,53,0.5298995530728642
1,1337,800,54,0.5304637571766737
1,1337,800,55,0.5294103225893492
1,1337,800,56,0.53048509398439
1,1337,800,57,0.5286714888697212
1,1337,800,58,0.5296319635045275
1,1337,800,59,0.5289657895328317
1,1337,800,60,0.5283880951067723
1,1337,800,61,0.5293765138666382
1,1337,800,62,0.5286842503205103
1,1337,800,63,0.5272440478331502
1,1337,800,64,0.5271255380248726
1,1337,800,65,0.5260629013549443
1,1337,800,66,0.5282054436803019
1,1337,800,67,0.5273376870777426
1,1337,800,68,0.5259398395590889
1,1337,800,69,0.5276433323528432
1,1337,800,70,0.526205856004582
1,1337,800,71,0.5252391136216357
1,1337,800,72,0.5269658276570808
1,1337,800,73,0.5259841071886769
1,1337,800,74,0.5253565977094894
1,1337,800,75,0.5238451365148666
1,1337,800,76,0.5261003860209477
1,1337,800,77,0.524869589435708
1,1337,800,78,0.524701147816393
1,1337,800,79,0.5249381938791158
1,1337,800,80,0.5253299129071336
1,1337,800,81,0.5241496641613684
1,1337,800,82,0.5242267931970414
1,1337,800,83,0.5241371075718034
1,1337,800,84,0.5241990602917702
1,1337,800,85,0.5255224543978416
1,1337,800,86,0.5258671391321637
1,2024,100,1,0.6278155251333869
1,2024,100,2,0.5911527971018707
1,2024,100,3,0.5789388736268339
1,2024,100,4,0.5721269859360021
1,2024,100,5,0.5670001043502702
1,2024,100,6,0.5628620902447162
1,2024,100,7,0.56145189450408
1,2024,100,8,0.5595329165217945
1,2024,100,9,0.5573620654561087
1,2024,100,10,0.5548123629578297
1,2024,100,11,0.5537258101661111
1,2024,100,12,0.552855508861905
1,2024,100,13,0.5512556276788452
1,2024,100,14,0.5505851019278719
1,2024,100,15,0.549537263132555
1,2024,100,16,0.547440974203394
1,2024,100,17,0.5473446373486428
1,2024,100,18,0.5471905869829512
1,2024,100,19,0.5456412035535966
1,2024,100,20,0.5454994866718222
1,2024,100,21,0.5442198516750325
1,2024,100,22,0.5443440100641582
1,2024,100,23,0.5443903912748999
1,2024,100,24,0.5450414011602117
1,2024,100,25,0.5431272663301718
1,2024,100,26,0.5410642756422593
1,2024,100,27,0.541646315985474
1,2024,100,28,0.5401975774384065
1,2024,100,29,0.5416442759197576
1,2024,100,30,0.5408920789474573
1,2024,100,31,0.5394974739916626
1,2024,100,32,0.5396825967774427
1,2024,100,33,0.5380704638877015
1,2024,100,34,0.5379521817163674
1,2024,100,35,0.5386546324707419
1,2024,100,36,0.53768370030027
1,2024,100,37,0.5358004049722724
1,2024,100,38,0.5356447329218248
1,2024,100,39,0.5362369150287183
1,2024,100,40,0.5347621063451643
1,2024,100,41,0.5360968147296321
1,2024,100,42,0.5348549670114012
1,2024,100,43,0.5346301787513836
1,2024,100,44,0.5352252235212995
1,2024,100,45,0.5356510899404889
1,2024,100,46,0.5334119099032064
1,2024,100,47,0.5330248344463346
1,2024,100,48,0.5329269387364819
1,2024,100,49,0.5328510151494109
1,2024,100,50,0.5326538510547403
1,2024,100,51,0.5311757113470748
1,2024,100,52,0.5325530732094661
1,2024,100,53,0.5323266278334245
1,2024,100,54,0.5340178508151328
1,2024,100,55,0.5323305078568282
1,2024,100,56,0.531818042203874
1,2024,100,57,0.5296608487584001
1,2024,100,58,0.5310630214518345
1,2024,100,59,0.5295143204782677
1,2024,100,60,0.5283388307633362
1,2024,100,61,0.5300635389244132
1,2024,100,62,0.5299417954273402
1,2024,100,63,0.5283839291047668
1,2024,100,64,0.5279102838083234
1,2024,100,65,0.528725815448293
1,2024,100,66,0.5288533620351058
1,2024,100,67,0.5286002897064884
1,2024,100,68,0.5281443957551106
1,2024,100,69,0.5265267502356759
1,2024,100,70,0.5276285414943028
1,2024,100,71,0.5270281139379545
1,2024,100,72,0.5291786593507624
1,2024,100,73,0.5258320491731849
1,2024,100,74,0.5269206819760928
1,2024,100,75,0.5251394113174076
1,2024,100,76,0.5266022362788911
1,2024,100,77,0.5284008655079335
1,2024,100,78,0.5267607366088148
1,2024,100,79,0.5252079187516056
1,2024,100,80,0.526213761286947
1,2024,100,81,0.5257052754192387
1,2024,100,82,0.5238143078685347
1,2024,100,83,0.5241258648801054
1,2024,100,84,0.5250080911992289
1,2024,100,85,0.523728221054574
1,2024,100,86,0.5241374106108004
1,2024,100,87,0.5247159734641853
1,2024,100,88,0.5238616496150011
1,2024,100,89,0.5234665157487077
1,2024,100,90,0.5234535881581798
1,2024,100,91,0.5238172816568744
1,2024,100,92,0.5258251730590825
1,2024,100,93,0.5229058848708917
1,2024,100,94,0.5221449929651837
1,2024,100,95,0.5233841666648653
1,2024,100,96,0.5221743669951422
1,2024,100,97,0.5238783608426328
1,2024,100,98,0.5222464919302096
1,2024,100,99,0.5232486533042566
1,2024,100,100,0.521609681561027
1,2024,800,1,0.6278155251333869
1,2024,800,2,0.5911527971018707
1,2024,800,3,0.5789388736268339
1,2024,800,4,0.5721269859360021
1,2024,800,5,0.5670001043502702
1,2024,800,6,0.5628620902447162
1,2024,800,7,0.56145189450408
1,2024,800,8,0.5595329165217945
1,2024,800,9,0.5573620654561087
1,2024,800,10,0.5548123629578297
1,2024,800,11,0.5537258101661111
1,2024,800,12,0.552855508861905
1,2024,800,13,0.5512556276788452
1,2024,800,14,0.5505851019278719
1,2024,800,15,0.549537263132555
1,2024,800,16,0.547440974203394
1,2024,800,17,0.5473446373486428
1,2024,800,18,0.5471905869829512
1,2024,800,19,0.5456412035535966
1,2024,800,20,0.5454994866718222
1,2024,800,21,0.5442198516750325
1,2024,800,22,0.5443440100641582
1,2024,800,23,0.5443903912748999
1,2024,800,24,0.5450414011602117
1,2024,800,25,0.5431272663301718
1,2024,800,26,0.5410642756422593
1,2024,800,27,0.541646315985474
1,2024,800,28,0.5401975774384065
1,2024,800,29,0.5416442759197576
1,2024,800,30,0.5408920789474573
1,2024,800,31,0.5394974739916626
1,2024,800,32,0.5396825967774427
1,2024,800,33,0.5380704638877015
1,2024,800,34,0.5379521817163674
1,2024,800,35,0.5386546324707419
1,2024,800,36,0.53768370030027
1,2024,800,37,0.5358004049722724
1,2024,800,38,0.5356447329218248
1,2024,800,39,0.5362369150287183
1,2024,800,40,0.5347621063451643
1,2024,800,41,0.5360968147296321
1,2024,800,42,0.5348549670114012
1,2024,800,43,0.5346301787513836
1,2024,800,44,0.5352252235212995
1,2024,800,45,0.5356510899404889
1,2024,800,46,0.5334119099032064
1,2024,800,47,0.5330248344463346
1,2024,800,48,0.5329269387364819
1,2024,800,49,0.5328510151494109
1,2024,800,50,0.5326538510547403
1,2024,800,51,0.5311757113470748
1,2024,800,52,0.5325530732094661
1,2024,800,53,0.5323266278334245
1,2024,800,54,0.5340178508151328
1,2024,800,55,0.5323305078568282
1,2024,800,56,0.531818042203874
1,2024,800,57,0.5296608487584001
1,2024,800,58,0.5310630214518345
1,2024,800,59,0.5295143204782677
1,2024,800,60,0.5283388307633362
1,2024,800,61,0.5300635389244132
1,2024,800,62,0.5299417954273402
1,2024,800,63,0.5283839291047668
1,2024,800,64,0.5279102838083234
1,2024,800,65,0.528725815448293
1,2024,800,66,0.5288533620351058
1,2024,800,67,0.5286002897064884
1,2024,800,68,0.5281443957551106
1,2024,800,69,0.5265267502356759
1,2024,800,70,0.5276285414943028
1,2024,800,71,0.5270281139379545
1,2024,800,72,0.5291786593507624
1,2024,800,73,0.5258320491731849
1,2024,800,74,0.5269206819760928
1,2024,800,75,0.5251394113174076
1,2024,800,76,0.5266022362788911
1,2024,800,77,0.5284008655079335
1,2024,800,78,0.5267607366088148
1,2024,800,79,0.5252079187516056
1,2024,800,80,0.526213761286947
1,2024,800,81,0.5257052754192387
1,2024,800,82,0.5238143078685347
1,2024,800,83,0.5241258648801054
1,2024,800,84,0.5250080911992289
1,2024,800,85,0.523728221054574
1,2024,800,86,0.5241374106108004
1,2024,800,87,0.5247159734641853
1,2024,800,88,0.5238616496150011
1,2024,800,89,0.5234665157487077
1,2024,800,90,0.5234535881581798
1,2024,800,91,0.5238172816568744
1,2024,800,92,0.5258251730590825
1,2024,800,93,0.5229058848708917
1,2024,800,94,0.5221449929651837
1,2024,800,95,0.5233841666648653
1,2024,800,96,0.5221743669951422
1,2024,800,97,0.5238783608426328
1,2024,800,98,0.5222464919302096
1,2024,800,99,0.5232486533042566
1,2024,800,100,0.521609681561027
1,2024,800,101,0.52037955655131
1,2024,800,102,0.5215190929235365
1,2024,800,103,0.5212948109321625
1,2024,800,104,0.5212281850859668
1,2024,800,105,0.5223426781940939
1,2024,800,106,0.5196638256399176
1,2024,800,107,0.5210984799625635
1,2024,800,108,0.5208870887754068
1,2024,800,109,0.5202176707627942
1,2024,800,110,0.5195250697447056
1,2024,800,111,0.5196387349923428
1,2024,800,112,0.520095052129364
1,2024,800,113,0.5206392225750042
1,2024,800,114,0.5208315740145338
1,2024,800,115,0.5185660496239843
1,2024,800,116,0.518504541981002
1,2024,800,117,0.5197687625540965
1,2024,800,118,0.5197093668055885
1,2024,800,119,0.5187439231301675
1,2024,800,120,0.5183848955472056
1,2024,800,121,0.5184041030848761
1,2024,800,122,0.5206111198928981
1,2024,800,123,0.5188701902490639
1,2024,800,124,0.5186211756250189
1,2024,800,125,0.5192736706856481
1,2024,800,126,0.5184651818686193
1,2024,800,127,0.519713024233687
1,2024,800,128,0.5188607060840733
1,2024,800,129,0.5185741546347251
1,2024,800,130,0.5181348663849029
1,2024,800,131,0.5189941826042141
1,2024,800,132,0.5188111301363917
1,2024,800,133,0.5181608160746506
1,2024,800,134,0.5175412270144949
1,2024,800,135,0.5173871256941491
1,2024,800,136,0.5169720994241138
1,2024,800,137,0.5174137414220945
1,2024,800,138,0.5172344895158255
1,2024,800,139,0.5165720704441134
1,2024,800,140,0.5179965388776966
1,2024,800,141,0.5166280003086259
1,2024,800,142,0.5178129920965321
1,2024,800,143,0.5186569413923642
1,2024,800,144,0.5171021590640161
1,2024,800,145,0.5174528411405099
1,2024,800,146,0.5172752539681637
1,2024,800,147,0.5167382512817481
1,2024,800,148,0.516820600999028
1,2024,800,149,0.5155954697506927
1,2024,800,150,0.5147864539256348
1,2024,800,151,0.5179932891582869
1,2024,800,152,0.5177505349990568
1,2024,800,153,0.5176720445466102
1,2024,800,154,0.5150239815875907
1,2024,800,155,0.5169731889634313
1,2024,800,156,0.5161623440556771
1,2024,800,157,0.5176054369671038
1,2024,800,158,0.5147889002425983
1,2024,800,159,0.5156766398952484
1,2024,800,160,0.5139446238736394
1,2024,800,161,0.5172451329230363
1,2024,800,162,0.5170380397437113
1,2024,800,163,0.5155567574030792
1,2024,800,164,0.5179158427742397
1,2024,800,165,0.5145869478780383
1,2024,800,166,0.5151555015621279
1,2024,800,167,0.5150423807115172
1,2024,800,168,0.5155214972626931
1,2024,800,169,0.5139546368938778
1,2024,800,170,0.5142548216507749
1,2024,800,171,0.5162939867682508
2,42,100,1,0.6065164831061106
2,42,100,2,0.5749415224924406
2,42,100,3,0.566300634047995
2,42,100,4,0.5610672520172573
2,42,100,5,0.5570377212276021
2,42,100,6,0.5558652782481882
2,42,100,7,0.5530939376942279
2,42,100,8,0.5520269504556372
2,42,100,9,0.5511087867312043
2,42,100,10,0.5511307546109989
2,42,100,11,0.5488515792416796
2,42,100,12,0.5485751880911411
2,42,100,13,0.5474403312179814
2,42,100,14,0.545944541627881
2,42,100,15,0.5462404527757403
2,42,100,16,0.5460714541512562
2,42,100,17,0.5443710341881021
2,42,100,18,0.5442323055609114
2,42,100,19,0.5437476799262139
2,42,100,20,0.5441515309572265
2,42,100,21,0.5430529545090202
2,42,100,22,0.5424141065879232
2,42,100,23,0.5419933647257186
2,42,100,24,0.5427049029744578
2,42,100,25,0.5418979775422909
2,42,100,26,0.5416644200216232
2,42,100,27,0.5405657157380729
2,42,100,28,0.5420439333957258
2,42,100,29,0.5394139920808223
2,42,100,30,0.5415533288672635
2,42,100,31,0.5392028384557743
2,42,100,32,0.5396713843485821
2,42,100,33,0.5398451244397793
2,42,100,34,0.5376757212199259
2,42,100,35,0.5375647257866308
2,42,100,36,0.5384053027554905
2,42,100,37,0.5371967320619909
2,42,100,38,0.5386512259815199
2,42,100,39,0.5387166927389324
2,42,100,40,0.5379238870277899
2,42,100,41,0.5371754585530782
2,42,100,42,0.5362711585058023
2,42,100,43,0.5357003700205498
2,42,100,44,0.5361428206948624
2,42,100,45,0.5365523186018212
2,42,100,46,0.5360437390712276
2,42,100,47,0.5367852757273869
2,42,100,48,0.5350436238982528
2,42,100,49,0.5357225621684513
2,42,100,50,0.5349666992606309
2,42,100,51,0.5342357014178437
2,42,100,52,0.5342905623592287
2,42,100,53,0.5344409418514677
2,42,100,54,0.535125708643901
2,42,100,55,0.5331711630409269
2,42,100,56,0.5334416214895353
2,42,100,57,0.5341256414391249
2,42,100,58,0.5330228051984032
2,42,100,59,0.5329585567577145
2,42,100,60,0.5330856014054374
2,42,100,61,0.5327248113569558
2,42,100,62,0.533035094132882
2,42,100,63,0.5321648156397409
2,42,100,64,0.5318521445043206
2,42,100,65,0.5322427702034338
2,42,100,66,0.5330754298237592
2,42,100,67,0.5333136601201578
2,42,100,68,0.5323398115848635
2,42,100,69,0.5342219269819664
2,42,100,70,0.5321791605208587
2,42,100,71,0.5315519344227055
2,42,100,72,0.5320351898306006
2,42,100,73,0.5312940106741817
2,42,100,74,0.5321100416553959
2,42,100,75,0.5309599659988148
2,42,100,76,0.5315372876603834
2,42,100,77,0.5304136927109997
2,42,100,78,0.530883841851945
2,42,100,79,0.5315581225481375
2,42,100,80,0.5310294835386266
2,42,100,81,0.5315850207736778
2,42,100,82,0.5313724301299545
2,42,100,83,0.5305841404273925
2,42,100,84,0.5300708170177119
2,42,100,85,0.5319493764893283
2,42,100,86,0.5303106786819172
2,42,100,87,0.5315851499744654
2,42,100,88,0.5323891489935284
2,42,100,89,0.5306661080346383
2,42,100,90,0.530832428489042
2,42,100,91,0.5307275928817945
2,42,100,92,0.5296240592108354
2,42,100,93,0.5307575638421733
2,42,100,94,0.5308355617707265
2,42,100,95,0.5321053893725117
2,42,100,96,0.5288633681045537
2,42,100,97,0.5301515490352557
2,42,100,98,0.5298767853889398
2,42,100,99,0.5310134167634321
2,42,100,100,0.5289801927247822
2,42,800,1,0.6065164831061106
2,42,800,2,0.5749415224924406
2,42,800,3,0.566300634047995
2,42,800,4,0.5610672520172573
2,42,800,5,0.5570377212276021
2,42,800,6,0.5558652782481882
2,42,800,7,0.5530939376942279
2,42,800,8,0.5520269504556372
2,42,800,9,0.5511087867312043
2,42,800,10,0.5511307546109989
2,42,800,11,0.5488515792416796
2,42,800,12,0.5485751880911411
2,42,800,13,0.5474403312179814
2,42,800,14,0.545944541627881
2,42,800,15,0.5462404527757403
2,42,800,16,0.5460714541512562
2,42,800,17,0.5443710341881021
2,42,800,18,0.5442323055609114
2,42,800,19,0.5437476799262139
2,42,800,20,0.5441515309572265
2,42,800,21,0.5430529545090202
2,42,800,22,0.5424141065879232
2,42,800,23,0.5419933647257186
2,42,800,24,0.5427049029744578
2,42,800,25,0.5418979775422909
2,42,800,26,0.5416644200216232
2,42,800,27,0.5405657157380729
2,42,800,28,0.5420439333957258
2,42,800,29,0.5394139920808223
2,42,800,30,0.5415533288672635
2,42,800,31,0.5392028384557743
2,42,800,32,0.5396713843485821
2,42,800,33,0.5398451244397793
2,42,800,34,0.5376757212199259
2,42,800,35,0.5375647257866308
2,42,800,36,0.5384053027554905
2,42,800,37,0.5371967320619909
2,42,800,38,0.5386512259815199
2,42,800,39,0.5387166927389324
2,42,800,40,0.5379238870277899
2,42,800,41,0.5371754585530782
2,42,800,42,0.5362711585058023
2,42,800,43,0.5357003700205498
2,42,800,44,0.5361428206948624
2,42,800,45,0.5365523186018212
2,42,800,46,0.5360437390712276
2,42,800,47,0.5367852757273869
2,42,800,48,0.5350436238982528
2,42,800,49,0.5357225621684513
2,42,800,50,0.5349666992606309
2,42,800,51,0.5342357014178437
2,42,800,52,0.5342905623592287
2,42,800,53,0.5344409418514677
2,42,800,54,0.535125708643901
2,42,800,55,0.5331711630409269
2,42,800,56,0.5334416214895353
2,42,800,57,0.5341256414391249
2,42,800,58,0.5330228051984032
2,42,800,59,0.5329585567577145
2,42,800,60,0.5330856014054374
2,42,800,61,0.5327248113569558
2,42,800,62,0.533035094132882
2,42,800,63,0.5321648156397409
2,42,800,64,0.5318521445043206
2,42,800,65,0.5322427702034338
2,42,800,66,0.5330754298237592
2,42,800,67,0.5333136601201578
2,42,800,68,0.5323398115848635
2,42,800,69,0.5342219269819664
2,42,800,70,0.5321791605208587
2,42,800,71,0.5315519344227055
2,42,800,72,0.5320351898306006
2,42,800,73,0.5312940106741817
2,42,800,74,0.5321100416553959
2,42,800,75,0.5309599659988148
2,42,800,76,0.5315372876603834
2,42,800,77,0.5304136927109997
2,42,800,78,0.530883841851945
2,42,800,79,0.5315581225481375
2,42,800,80,0.5310294835386266
2,42,800,81,0.5315850207736778
2,42,800,82,0.5313724301299545
2,42,800,83,0.5305841404273925
2,42,800,84,0.5300708170177119
2,42,800,85,0.5319493764893283
2,42,800,86,0.5303106786819172
2,42,800,87,0.5315851499744654
2,42,800,88,0.5323891489935284
2,42,800,89,0.5306661080346383
2,42,800,90,0.530832428489042
2,42,800,91,0.5307275928817945
2,42,800,92,0.5296240592108354
2,42,800,93,0.5307575638421733
2,42,800,94,0.5308355617707265
2,42,800,95,0.5321053893725117
2,42,800,96,0.5288633681045537
2,42,800,97,0.5301515490352557
2,42,800,98,0.5298767853889398
2,42,800,99,0.5310134167634321
2,42,800,100,0.5289801927247822
2,42,800,101,0.5299854129238416
2,42,800,102,0.5299177736619922
2,42,800,103,0.5294716900624422
2,42,800,104,0.5309083280531502
2,42,800,105,0.5293431219149863
2,42,800,106,0.5290985131771332
2,42,800,107,0.5292446025315224
2,1337,100,1,0.6164533099116362
2,1337,100,2,0.5749195186062647
2,1337,100,3,0.5668481290920664
2,1337,100,4,0.561878348958311
2,1337,100,5,0.5588706938310667
2,1337,100,6,0.5553914141663604
2,1337,100,7,0.5539402649355389
2,1337,100,8,0.5519862083213823
2,1337,100,9,0.5512786238711709
2,1337,100,10,0.5507554029585584
2,1337,100,11,0.549142613715287
2,1337,100,12,0.5480346797173817
2,1337,100,13,0.5471361197862861
2,1337,100,14,0.5471285681643955
2,1337,100,15,0.5474140513509708
2,1337,100,16,0.5449059920666975
2,1337,100,17,0.5448135473695799
2,1337,100,18,0.5440071752939887
2,1337,100,19,0.5439118613973912
2,1337,100,20,0.5435969411152014
2,1337,100,21,0.5425545330388971
2,1337,100,22,0.5421007641591586
2,1337,100,23,0.5411226996556573
2,1337,100,24,0.5418818276374573
2,1337,100,25,0.5411317704640969
2,1337,100,26,0.5407805811501496
2,1337,100,27,0.5400860409284166
2,1337,100,28,0.5395725975344206
2,1337,100,29,0.5408580034226259
2,1337,100,30,0.5396106358575745
2,1337,100,31,0.5389484012819472
2,1337,100,32,0.5392887008960762
2,1337,100,33,0.5396647759409473
2,1337,100,34,0.537963963179013
2,1337,100,35,0.5392449173195134
2,1337,100,36,0.5371961723698498
2,1337,100,37,0.5376659656310934
2,1337,100,38,0.5383368580452086
2,1337,100,39,0.5377580355990492
2,1337,100,40,0.5371463070968506
2,1337,100,41,0.5382490927958308
2,1337,100,42,0.5386508877994044
2,1337,100,43,0.5360413836042558
2,1337,100,44,0.536871633432909
2,1337,100,45,0.5360555113271217
2,1337,100,46,0.5352113119881602
2,1337,100,47,0.5353348343528996
2,1337,100,48,0.5363362352177989
2,1337,100,49,0.5365560797999781
2,1337,100,50,0.5356465386181279
2,1337,100,51,0.5348973907930061
2,1337,100,52,0.5356232984437537
2,1337,100,53,0.5347301354844982
2,1337,100,54,0.5351998055402558
2,1337,100,55,0.5347419380031164
2,1337,100,56,0.5348212103391073
2,1337,100,57,0.5342157050234044
2,1337,100,58,0.5363756662774705
2,1337,100,59,0.5356581991515057
2,1337,100,60,0.5349869910329231
2,1337,100,61,0.5349475529522316
2,1337,100,62,0.5337389524165126
2,1337,100,63,0.5331629496880674
2,1337,100,64,0.5342952710318932
2,1337,100,65,0.5329278576898661
2,1337,100,66,0.5340781359855925
2,1337,100,67,0.5343276398808053
2,1337,100,68,0.5339029506346608
2,1337,100,69,0.5340562388910025
2,1337,100,70,0.5319885313700795
2,1337,100,71,0.5329386726880772
2,1337,100,72,0.5334310893534199
2,1337,100,73,0.5333931350743842
2,1337,100,74,0.5324887950302484
2,1337,100,75,0.5328221907326347
2,1337,100,76,0.5325656412296637
2,1337,100,77,0.5323399134650743
2,1337,100,78,0.532439298993898
2,1337,100,79,0.5332184420601157
2,1337,100,80,0.5330989833997744
2,1337,100,81,0.5329386641204287
2,1337,800,1,0.6164533099116362
2,1337,800,2,0.5749195186062647
2,1337,800,3,0.5668481290920664
2,1337,800,4,0.561878348958311
2,1337,800,5,0.5588706938310667
2,1337,800,6,0.5553914141663604
2,1337,800,7,0.5539402649355389
2,1337,800,8,0.5519862083213823
2,1337,800,9,0.5512786238711709
2,1337,800,10,0.5507554029585584
2,1337,800,11,0.549142613715287
2,1337,800,12,0.5480346797173817
2,1337,800,13,0.5471361197862861
2,1337,800,14,0.5471285681643955
2,1337,800,15,0.5474140513509708
2,1337,800,16,0.5449059920666975
2,1337,800,17,0.5448135473695799
2,1337,800,18,0.5440071752939887
2,1337,800,19,0.5439118613973912
2,1337,800,20,0.5435969411152014
2,1337,800,21,0.5425545330388971
2,1337,800,22,0.5421007641591586
2,1337,800,23,0.5411226996556573
2,1337,800,24,0.5418818276374573
2,1337,800,25,0.5411317704640969
2,1337,800,26,0.5407805811501496
2,1337,800,27,0.5400860409284166
2,1337,800,28,0.5395725975344206
2,1337,800,29,0.5408580034226259
2,1337,800,30,0.5396106358575745
2,1337,800,31,0.5389484012819472
2,1337,800,32,0.5392887008960762
2,1337,800,33,0.5396647759409473
2,1337,800,34,0.537963963179013
2,1337,800,35,0.5392449173195134
2,1337,800,36,0.5371961723698498
2,1337,800,37,0.5376659656310934
2,1337,800,38,0.5383368580452086
2,1337,800,39,0.5377580355990492
2,1337,800,40,0.5371463070968506
2,1337,800,41,0.5382490927958308
2,1337,800,42,0.5386508877994044
2,1337,800,43,0.5360413836042558
2,1337,800,44,0.536871633432909
2,1337,800,45,0.5360555113271217
2,1337,800,46,0.5352113119881602
2,1337,800,47,0.5353348343528996
2,1337,800,48,0.5363362352177989
2,1337,800,49,0.5365560797999781
2,1337,800,50,0.5356465386181279
2,1337,800,51,0.5348973907930061
2,1337,800,52,0.5356232984437537
2,1337,800,53,0.5347301354844982
2,1337,800,54,0.5351998055402558
2,1337,800,55,0.5347419380031164
2,1337,800,56,0.5348212103391073
2,1337,800,57,0.5342157050234044
2,1337,800,58,0.5363756662774705
2,1337,800,59,0.5356581991515057
2,1337,800,60,0.5349869910329231
2,1337,800,61,0.5349475529522316
2,1337,800,62,0.5337389524165126
2,1337,800,63,0.5331629496880674
2,1337,800,64,0.5342952710318932
2,1337,800,65,0.5329278576898661
2,1337,800,66,0.5340781359855925
2,1337,800,67,0.5343276398808053
2,1337,800,68,0.5339029506346608
2,1337,800,69,0.5340562388910025
2,1337,800,70,0.5319885313700795
2,1337,800,71,0.5329386726880772
2,1337,800,72,0.5334310893534199
2,1337,800,73,0.5333931350743842
2,1337,800,74,0.5324887950302484
2,1337,800,75,0.5328221907326347
2,1337,800,76,0.5325656412296637
2,1337,800,77,0.5323399134650743
2,1337,800,78,0.532439298993898
2,1337,800,79,0.5332184420601157
2,1337,800,80,0.5330989833997744
2,1337,800,81,0.5329386641204287
2,2024,100,1,0.6062893564378707
2,2024,100,2,0.5742171168695319
2,2024,100,3,0.566219555644413
2,2024,100,4,0.5622932928197065
2,2024,100,5,0.5596301096729874
2,2024,100,6,0.5564249104894303
2,2024,100,7,0.5546765877842221
2,2024,100,8,0.5531172703385194
2,2024,100,9,0.5527487271554167
2,2024,100,10,0.5520860538196776
2,2024,100,11,0.5500320929951036
2,2024,100,12,0.549121877156901
2,2024,100,13,0.5486364237573793
2,2024,100,14,0.5485540380436019
2,2024,100,15,0.5464421829665048
2,2024,100,16,0.5473897889246511
2,2024,100,17,0.5458108145864075
2,2024,100,18,0.5454352374356362
2,2024,100,19,0.5459380120633192
2,2024,100,20,0.5439277843909323
2,2024,100,21,0.5430591554646442
2,2024,100,22,0.5438362606995361
2,2024,100,23,0.5440286345150446
2,2024,100,24,0.5422316947582314
2,2024,100,25,0.541817558339846
2,2024,100,26,0.5410974994016133
2,2024,100,27,0.5408422128672383
2,2024,100,28,0.5406456813853223
2,2024,100,29,0.5411279379343537
2,2024,100,30,0.5406127019085979
2,2024,100,31,0.5395675860205155
2,2024,100,32,0.540528689032102
2,2024,100,33,0.5396962890510458
2,2024,100,34,0.5401368931493659
2,2024,100,35,0.5392763274528305
2,2024,100,36,0.5380072581101596
2,2024,100,37,0.5377671198746872
2,2024,100,38,0.5375353113644578
2,2024,100,39,0.5370751016399615
2,2024,100,40,0.5375772641231443
2,2024,100,41,0.5364719948518664
2,2024,100,42,0.536483712328083
2,2024,100,43,0.5379821708108798
2,2024,100,44,0.5367549069466129
2,2024,100,45,0.5361219229673835
2,2024,100,46,0.5358791266189105
2,2024,100,47,0.5355373456933825
2,2024,100,48,0.5361517141080213
2,2024,100,49,0.5351799757424572
2,2024,100,50,0.5353623020196382
2,2024,100,51,0.5343958632035061
2,2024,100,52,0.5343299597000498
2,2024,100,53,0.5345133563099453
2,2024,100,54,0.5336902549849507
2,2024,100,55,0.5347336781348182
2,2024,100,56,0.5334560222672186
2,2024,100,57,0.5343398341235955
2,2024,100,58,0.5326566515265135
2,2024,100,59,0.5337174064922521
2,2024,100,60,0.5339741637486178
2,2024,100,61,0.5341891512684502
2,2024,100,62,0.5331870514559559
2,2024,100,63,0.5328809866510813
2,2024,100,64,0.5324321371224119
2,2024,100,65,0.5323483554062723
2,2024,100,66,0.5329179279017606
2,2024,100,67,0.5314006524372159
2,2024,100,68,0.5323640667409189
2,2024,100,69,0.5325001472741893
2,2024,100,70,0.5323284244989387
2,2024,100,71,0.5322880151706708
2,2024,100,72,0.531219746854757
2,2024,100,73,0.5317129485203045
2,2024,100,74,0.5308728423708802
2,2024,100,75,0.5314602435471508
2,2024,100,76,0.5306901190444626
2,2024,100,77,0.5301986786190791
2,2024,100,78,0.5315695863390163
2,2024,100,79,0.5318001899088735
2,2024,100,80,0.5312948254403863
2,2024,100,81,0.5300995515750038
2,2024,100,82,0.5298624217166084
2,2024,100,83,0.529942798131713
2,2024,100,84,0.5296111180066613
2,2024,100,85,0.5292522532210253
2,2024,100,86,0.5291294564141976
2,2024,100,87,0.5292869541416645
2,2024,100,88,0.5295157019948024
2,2024,100,89,0.5294351109109755
2,2024,100,90,0.5292191688635648
2,2024,100,91,0.5296470484233524
2,2024,100,92,0.5302577469271199
2,2024,100,93,0.5292102565609926
2,2024,100,94,0.5283275527414706
2,2024,100,95,0.5289802703697289
2,2024,100,96,0.5293727848191434
2,2024,100,97,0.5295605150716077
2,2024,100,98,0.5290409560613121
2,2024,100,99,0.5284074034864515
2,2024,100,100,0.5279897206454791
2,2024,800,1,0.6062893564378707
2,2024,800,2,0.5742171168695319
2,2024,800,3,0.566219555644413
2,2024,800,4,0.5622932928197065
2,2024,800,5,0.5596301096729874
2,2024,800,6,0.5564249104894303
2,2024,800,7,0.5546765877842221
2,2024,800,8,0.5531172703385194
2,2024,800,9,0.5527487271554167
2,2024,800,10,0.5520860538196776
2,2024,800,11,0.5500320929951036
2,2024,800,12,0.549121877156901
2,2024,800,13,0.5486364237573793
2,2024,800,14,0.5485540380436019
2,2024,800,15,0.5464421829665048
2,2024,800,16,0.5473897889246511
2,2024,800,17,0.5458108145864075
2,2024,800,18,0.5454352374356362
2,2024,800,19,0.5459380120633192
2,2024,800,20,0.5439277843909323
2,2024,800,21,0.5430591554646442
2,2024,800,22,0.5438362606995361
2,2024,800,23,0.5440286345150446
2,2024,800,24,0.5422316947582314
2,2024,800,25,0.541817558339846
2,2024,800,26,0.5410974994016133
2,2024,800,27,0.5408422128672383
2,2024,800,28,0.5406456813853223
2,2024,800,29,0.5411279379343537
2,2024,800,30,0.5406127019085979
2,2024,800,31,0.5395675860205155
2,2024,800,32,0.540528689032102
2,2024,800,33,0.5396962890510458
2,2024,800,34,0.5401368931493659
2,2024,800,35,0.5392763274528305
2,2024,800,36,0.5380072581101596
2,2024,800,37,0.5377671198746872
2,2024,800,38,0.5375353113644578
2,2024,800,39,0.5370751016399615
2,2024,800,40,0.5375772641231443
2,2024,800,41,0.5364719948518664
2,2024,800,42,0.536483712328083
2,2024,800,43,0.5379821708108798
2,2024,800,44,0.5367549069466129
2,2024,800,45,0.5361219229673835
2,2024,800,46,0.5358791266189105
2,2024,800,47,0.5355373456933825
2,2024,800,48,0.5361517141080213
2,2024,800,49,0.5351799757424572
2,2024,800,50,0.5353623020196382
2,2024,800,51,0.5343958632035061
2,2024,800,52,0.5343299597000498
2,2024,800,53,0.5345133563099453
2,2024,800,54,0.5336902549849507
2,2024,800,55,0.5347336781348182
2,2024,800,56,0.5334560222672186
2,2024,800,57,0.5343398341235955
2,2024,800,58,0.5326566515265135
2,2024,800,59,0.5337174064922521
2,2024,800,60,0.5339741637486178
2,2024,800,61,0.5341891512684502
2,2024,800,62,0.5331870514559559
2,2024,800,63,0.5328809866510813
2,2024,800,64,0.5324321371224119
2,2024,800,65,0.5323483554062723
2,2024,800,66,0.5329179279017606
2,2024,800,67,0.5314006524372159
2,2024,800,68,0.5323640667409189
2,2024,800,69,0.5325001472741893
2,2024,800,70,0.5323284244989387
2,2024,800,71,0.5322880151706708
2,2024,800,72,0.531219746854757
2,2024,800,73,0.5317129485203045
2,2024,800,74,0.5308728423708802
2,2024,800,75,0.5314602435471508
2,2024,800,76,0.5306901190444626
2,2024,800,77,0.5301986786190791
2,2024,800,78,0.5315695863390163
2,2024,800,79,0.5318001899088735
2,2024,800,80,0.5312948254403863
2,2024,800,81,0.5300995515750038
2,2024,800,82,0.5298624217166084
2,2024,800,83,0.529942798131713
2,2024,800,84,0.5296111180066613
2,2024,800,85,0.5292522532210253
2,2024,800,86,0.5291294564141976
2,2024,800,87,0.5292869541416645
2,2024,800,88,0.5295157019948024
2,2024,800,89,0.5294351109109755
2,2024,800,90,0.5292191688635648
2,2024,800,91,0.5296470484233524
2,2024,800,92,0.5302577469271199
2,2024,800,93,0.5292102565609926
2,2024,800,94,0.5283275527414706
2,2024,800,95,0.5289802703697289
2,2024,800,96,0.5293727848191434
2,2024,800,97,0.5295605150716077
2,2024,800,98,0.5290409560613121
2,2024,800,99,0.5284074034864515
2,2024,800,100,0.5279897206454791
2,2024,800,101,0.5274549862928161
2,2024,800,102,0.5290240555648756
2,2024,800,103,0.5273628979687013
2,2024,800,104,0.5275100645542614
2,2024,800,105,0.5273470879701359
2,2024,800,106,0.5286650253554239
2,2024,800,107,0.5286823142079159
2,2024,800,108,0.5279476197717076
2,2024,800,109,0.5278385835994442
2,2024,800,110,0.5282177122599437
2,2024,800,111,0.5265935261122886
2,2024,800,112,0.5272880648770011
2,2024,800,113,0.5280543159548984
2,2024,800,114,0.5272620268014774
2,2024,800,115,0.5267666879689691
2,2024,800,116,0.5264170176016347
2,2024,800,117,0.526818888437741
2,2024,800,118,0.5262410064107645
2,2024,800,119,0.5288470295083482
2,2024,800,120,0.5279942636533531
2,2024,800,121,0.5272140164283726
2,2024,800,122,0.5259206414774992
2,2024,800,123,0.5268502704074033
2,2024,800,124,0.5270327217389709
2,2024,800,125,0.526837509808486
2,2024,800,126,0.5257529940476001
2,2024,800,127,0.5270240264902608
2,2024,800,128,0.5267501657405097
2,2024,800,129,0.5261746148084055
2,2024,800,130,0.5267758225091268
2,2024,800,131,0.5272260141222596
2,2024,800,132,0.5263207489290016
2,2024,800,133,0.5265817818320354
2,2024,800,134,0.5278150019393548
2,2024,800,135,0.5258835590563837
2,2024,800,136,0.5263082879220002
2,2024,800,137,0.5251931600924606
2,2024,800,138,0.5265377305678222
2,2024,800,139,0.5252860519226656
2,2024,800,140,0.5260503813984834
2,2024,800,141,0.5256220792958343
2,2024,800,142,0.5264356220171277
2,2024,800,143,0.5266472692427552
2,2024,800,144,0.5258646003730099
2,2024,800,145,0.5255390875158025
2,2024,800,146,0.5257876902990659
2,2024,800,147,0.5253336835311052
2,2024,800,148,0.5264915649256587
3,42,100,1,0.5980901257169637
3,42,100,2,0.5732656798767114
3,42,100,3,0.5660274937887608
3,42,100,4,0.5622884787149014
3,42,100,5,0.5603260680674289
3,42,100,6,0.5593525737099432
3,42,100,7,0.5573259138360616
3,42,100,8,0.5564358510872607
3,42,100,9,0.5563872734163952
3,42,100,10,0.5542767940635532
3,42,100,11,0.5540828502488728
3,42,100,12,0.5527585900800207
3,42,100,13,0.5526394481310576
3,42,100,14,0.5521903285644596
3,42,100,15,0.5522638329608922
3,42,100,16,0.5508620041145604
3,42,100,17,0.5504783022786797
3,42,100,18,0.5499131907142271
3,42,100,19,0.5503841718767949
3,42,100,20,0.5491066168749975
3,42,100,21,0.5493903927142447
3,42,100,22,0.5484618689798313
3,42,100,23,0.5504719139615599
3,42,100,24,0.5483765540831674
3,42,100,25,0.5480244338934014
3,42,100,26,0.5472048216371578
3,42,100,27,0.5481744326535757
3,42,100,28,0.5473197180682352
3,42,100,29,0.5466508131078242
3,42,100,30,0.5459810793659142
3,42,100,31,0.545994824718748
3,42,100,32,0.5455517599651512
3,42,100,33,0.5454172537390898
3,42,100,34,0.5452554801361262
3,42,100,35,0.5458355240383137
3,42,100,36,0.54538963144468
3,42,100,37,0.5450773017659529
3,42,100,38,0.544448377302636
3,42,100,39,0.5446888861670848
3,42,100,40,0.5452786406753545
3,42,100,41,0.5455465530001019
3,42,100,42,0.544475207689981
3,42,100,43,0.5453668582077487
3,42,100,44,0.5450326198067715
3,42,100,45,0.5436573071662809
3,42,100,46,0.5441388836611908
3,42,100,47,0.5432251962350118
3,42,100,48,0.5438305808770884
3,42,100,49,0.5434104938262311
3,42,100,50,0.5434758083859
3,42,100,51,0.5443233620643775
3,42,100,52,0.5428156958631977
3,42,100,53,0.5437460057124757
3,42,100,54,0.5432555458533386
3,42,100,55,0.543384152959786
3,42,100,56,0.5439443611240321
3,42,100,57,0.542824677284159
3,42,100,58,0.5418895306026631
3,42,100,59,0.5416657754166228
3,42,100,60,0.5423516103698286
3,42,100,61,0.541509642434845
3,42,100,62,0.542287403776294
3,42,100,63,0.5419970708605596
3,42,100,64,0.5422320402404929
3,42,100,65,0.5416024165426708
3,42,100,66,0.5414297008996826
3,42,100,67,0.5424723622284214
3,42,100,68,0.5416183834711388
3,42,100,69,0.542039318710049
3,42,100,70,0.5421321327080582
3,42,100,71,0.5415911918400393
3,42,100,72,0.5418813340683685
3,42,800,1,0.5980901257169637
3,42,800,2,0.5732656798767114
3,42,800,3,0.5660274937887608
3,42,800,4,0.5622884787149014
3,42,800,5,0.5603260680674289
3,42,800,6,0.5593525737099432
3,42,800,7,0.5573259138360616
3,42,800,8,0.5564358510872607
3,42,800,9,0.5563872734163952
3,42,800,10,0.5542767940635532
3,42,800,11,0.5540828502488728
3,42,800,12,0.5527585900800207
3,42,800,13,0.5526394481310576
3,42,800,14,0.5521903285644596
3,42,800,15,0.5522638329608922
3,42,800,16,0.5508620041145604
3,42,800,17,0.5504783022786797
3,42,800,18,0.5499131907142271
3,42,800,19,0.5503841718767949
3,42,800,20,0.5491066168749975
3,42,800,21,0.5493903927142447
3,42,800,22,0.5484618689798313
3,42,800,23,0.5504719139615599
3,42,800,24,0.5483765540831674
3,42,800,25,0.5480244338934014
3,42,800,26,0.5472048216371578
3,42,800,27,0.5481744326535757
3,42,800,28,0.5473197180682352
3,42,800,29,0.5466508131078242
3,42,800,30,0.5459810793659142
3,42,800,31,0.545994824718748
3,42,800,32,0.5455517599651512
3,42,800,33,0.5454172537390898
3,42,800,34,0.5452554801361262
3,42,800,35,0.5458355240383137
3,42,800,36,0.54538963144468
3,42,800,37,0.5450773017659529
3,42,800,38,0.544448377302636
3,42,800,39,0.5446888861670848
3,42,800,40,0.5452786406753545
3,42,800,41,0.5455465530001019
3,42,800,42,0.544475207689981
3,42,800,43,0.5453668582077487
3,42,800,44,0.5450326198067715
3,42,800,45,0.5436573071662809
3,42,800,46,0.5441388836611908
3,42,800,47,0.5432251962350118
3,42,800,48,0.5438305808770884
3,42,800,49,0.5434104938262311
3,42,800,50,0.5434758083859
3,42,800,51,0.5443233620643775
3,42,800,52,0.5428156958631977
3,42,800,53,0.5437460057124757
3,42,800,54,0.5432555458533386
3,42,800,55,0.543384152959786
3,42,800,56,0.5439443611240321
3,42,800,57,0.542824677284159
3,42,800,58,0.5418895306026631
3,42,800,59,0.5416657754166228
3,42,800,60,0.5423516103698286
3,42,800,61,0.541509642434845
3,42,800,62,0.542287403776294
3,42,800,63,0.5419970708605596
3,42,800,64,0.5422320402404929
3,42,800,65,0.5416024165426708
3,42,800,66,0.5414297008996826
3,42,800,67,0.5424723622284214
3,42,800,68,0.5416183834711388
3,42,800,69,0.542039318710049
3,42,800,70,0.5421321327080582
3,42,800,71,0.5415911918400393
3,42,800,72,0.5418813340683685
3,1337,100,1,0.6051006445749012
3,1337,100,2,0.5739537314299212
3,1337,100,3,0.5674231140637259
3,1337,100,4,0.5640163568228614
3,1337,100,5,0.5619158895704703
3,1337,100,6,0.5599151066403394
3,1337,100,7,0.5582568965097998
3,1337,100,8,0.5569786889008848
3,1337,100,9,0.5557402374988678
3,1337,100,10,0.5547911127097716
3,1337,100,11,0.5534928059090425
3,1337,100,12,0.5537956191338904
3,1337,100,13,0.5525829900164021
3,1337,100,14,0.5521301771185086
3,1337,100,15,0.5514534059296344
3,1337,100,16,0.5514563390163368
3,1337,100,17,0.5504887795492158
3,1337,100,18,0.5504719259033136
3,1337,100,19,0.550535751950478
3,1337,100,20,0.5494141000766221
3,1337,100,21,0.5492701620378672
3,1337,100,22,0.5487582887958173
3,1337,100,23,0.548807817279483
3,1337,100,24,0.5487084637599416
3,1337,100,25,0.5489713748156938
3,1337,100,26,0.5474130705203799
3,1337,100,27,0.5475951140631384
3,1337,100,28,0.5479651584023908
3,1337,100,29,0.5474250781151906
3,1337,100,30,0.5462711899214132
3,1337,100,31,0.5471066406446468
3,1337,100,32,0.5465203398548132
3,1337,100,33,0.5472326760966152
3,1337,100,34,0.5461546024131858
3,1337,100,35,0.5470320513426884
3,1337,100,36,0.5458972601484356
3,1337,100,37,0.5459180621719393
3,1337,100,38,0.5462285076208788
3,1337,100,39,0.5452116712759194
3,1337,100,40,0.5459419148060561
3,1337,100,41,0.5450401836329524
3,1337,100,42,0.5459637384873137
3,1337,100,43,0.5451980846486183
3,1337,100,44,0.545415419498139
3,1337,100,45,0.5453592436884599
3,1337,100,46,0.5451318028358966
3,1337,100,47,0.5449139635835949
3,1337,100,48,0.5447307296585375
3,1337,100,49,0.5448863400997508
3,1337,100,50,0.5448401518745773
3,1337,100,51,0.543888505600723
3,1337,100,52,0.5446158513915471
3,1337,100,53,0.5431657310630712
3,1337,100,54,0.544871694414992
3,1337,100,55,0.5433719867543846
3,1337,100,56,0.5430995581022965
3,1337,100,57,0.545326513609262
3,1337,100,58,0.5435920858544576
3,1337,100,59,0.5440753942820281
3,1337,100,60,0.5434510860634482
3,1337,100,61,0.543669184647746
3,1337,100,62,0.543382439149279
3,1337,100,63,0.5439636257791266
3,1337,100,64,0.5430572964008767
3,1337,800,1,0.6051006445749012
3,1337,800,2,0.5739537314299212
3,1337,800,3,0.5674231140637259
3,1337,800,4,0.5640163568228614
3,1337,800,5,0.5619158895704703
3,1337,800,6,0.5599151066403394
3,1337,800,7,0.5582568965097998
3,1337,800,8,0.5569786889008848
3,1337,800,9,0.5557402374988678
3,1337,800,10,0.5547911127097716
3,1337,800,11,0.5534928059090425
3,1337,800,12,0.5537956191338904
3,1337,800,13,0.5525829900164021
3,1337,800,14,0.5521301771185086
3,1337,800,15,0.5514534059296344
3,1337,800,16,0.5514563390163368
3,1337,800,17,0.5504887795492158
3,1337,800,18,0.5504719259033136
3,1337,800,19,0.550535751950478
3,1337,800,20,0.5494141000766221
3,1337,800,21,0.5492701620378672
3,1337,800,22,0.5487582887958173
3,1337,800,23,0.548807817279483
3,1337,800,24,0.5487084637599416
3,1337,800,25,0.5489713748156938
3,1337,800,26,0.5474130705203799
3,1337,800,27,0.5475951140631384
3,1337,800,28,0.5479651584023908
3,1337,800,29,0.5474250781151906
3,1337,800,30,0.5462711899214132
3,1337,800,31,0.5471066406446468
3,1337,800,32,0.5465203398548132
3,1337,800,33,0.5472326760966152
3,1337,800,34,0.5461546024131858
3,1337,800,35,0.5470320513426884
3,1337,800,36,0.5458972601484356
3,1337,800,37,0.5459180621719393
3,1337,800,38,0.5462285076208788
3,1337,800,39,0.5452116712759194
3,1337,800,40,0.5459419148060561
3,1337,800,41,0.5450401836329524
3,1337,800,42,0.5459637384873137
3,1337,800,43,0.5451980846486183
3,1337,800,44,0.545415419498139
3,1337,800,45,0.5453592436884599
3,1337,800,46,0.5451318028358966
3,1337,800,47,0.5449139635835949
3,1337,800,48,0.5447307296585375
3,1337,800,49,0.5448863400997508
3,1337,800,50,0.5448401518745773
3,1337,800,51,0.543888505600723
3,1337,800,52,0.5446158513915471
3,1337,800,53,0.5431657310630712
3,1337,800,54,0.544871694414992
3,1337,800,55,0.5433719867543846
3,1337,800,56,0.5430995581022965
3,1337,800,57,0.545326513609262
3,1337,800,58,0.5435920858544576
3,1337,800,59,0.5440753942820281
3,1337,800,60,0.5434510860634482
3,1337,800,61,0.543669184647746
3,1337,800,62,0.543382439149279
3,1337,800,63,0.5439636257791266
3,1337,800,64,0.5430572964008767
3,2024,100,1,0.6008010202062158
3,2024,100,2,0.5739767955872483
3,2024,100,3,0.5673448086106462
3,2024,100,4,0.5639233691901266
3,2024,100,5,0.5612720952829509
3,2024,100,6,0.558730190087403
3,2024,100,7,0.5580147807935336
3,2024,100,8,0.555604131376079
3,2024,100,9,0.55626666522316
3,2024,100,10,0.5536729062468366
3,2024,100,11,0.5534829713112904
3,2024,100,12,0.5522800716336714
3,2024,100,13,0.5520882713974471
3,2024,100,14,0.5509555797057714
3,2024,100,15,0.5517673205807562
3,2024,100,16,0.5506526851216453
3,2024,100,17,0.5500445993248739
3,2024,100,18,0.5489688267522438
3,2024,100,19,0.548805530956846
3,2024,100,20,0.5484314998182123
3,2024,100,21,0.5486979493582135
3,2024,100,22,0.5483501983867904
3,2024,100,23,0.547459051834559
3,2024,100,24,0.5475800986728094
3,2024,100,25,0.5472419968607749
3,2024,100,26,0.5472514791322204
3,2024,100,27,0.5469357461253087
3,2024,100,28,0.5459099921446025
3,2024,100,29,0.5463100960821131
3,2024,100,30,0.547117697538027
3,2024,100,31,0.545905897377682
3,2024,100,32,0.5453027980608933
3,2024,100,33,0.5450277921698224
3,2024,100,34,0.5448147531450476
3,2024,100,35,0.544703468062923
3,2024,100,36,0.5448092611401161
3,2024,100,37,0.5439336491935746
3,2024,100,38,0.54427069561633
3,2024,100,39,0.5434572147263034
3,2024,100,40,0.5447034389528781
3,2024,100,41,0.5438609921733297
3,2024,100,42,0.5437316417403537
3,2024,100,43,0.5431105800616424
3,2024,100,44,0.543129453704638
3,2024,100,45,0.543137835231958
3,2024,100,46,0.5431047219961616
3,2024,100,47,0.5424787620716037
3,2024,100,48,0.5431251392625523
3,2024,100,49,0.541633091307923
3,2024,100,50,0.5427988139757388
3,2024,100,51,0.5426162756284935
3,2024,100,52,0.5422332170437443
3,2024,100,53,0.5413706584011024
3,2024,100,54,0.5413643006834412
3,2024,100,55,0.5418906075588832
3,2024,100,56,0.5422651390172308
3,2024,100,57,0.5419036852397765
3,2024,100,58,0.542030183361321
3,2024,100,59,0.5419622119136018
3,2024,100,60,0.5417229238767064
3,2024,100,61,0.5419373960158349
3,2024,100,62,0.5406913043897151
3,2024,100,63,0.5414559004947606
3,2024,100,64,0.5412714553554184
3,2024,100,65,0.5413252269560511
3,2024,100,66,0.5404983730397374
3,2024,100,67,0.541178584624845
3,2024,100,68,0.5404018219508591
3,2024,100,69,0.5410609508825159
3,2024,100,70,0.5407236492714309
3,2024,100,71,0.5396739038466468
3,2024,100,72,0.5410626511913819
3,2024,100,73,0.5411269818401477
3,2024,100,74,0.5395390209473354
3,2024,100,75,0.5392383418801161
3,2024,100,76,0.5398394562478526
3,2024,100,77,0.5403014665410625
3,2024,100,78,0.539623469439713
3,2024,100,79,0.5393484027861197
3,2024,100,80,0.5387913473861649
3,2024,100,81,0.540074686320368
3,2024,100,82,0.5398746768081006
3,2024,100,83,0.5397853980227898
3,2024,100,84,0.5398514322458245
3,2024,100,85,0.5391809886679996
3,2024,100,86,0.5401978087660732
3,2024,100,87,0.5394215518744268
3,2024,100,88,0.538935308351921
3,2024,100,89,0.5385106999861111
3,2024,100,90,0.5389932871276139
3,2024,100,91,0.5382539115964864
3,2024,100,92,0.5386876588042718
3,2024,100,93,0.5395462598284468
3,2024,100,94,0.5383424533616562
3,2024,100,95,0.5384292750300123
3,2024,100,96,0.5383350235064472
3,2024,100,97,0.5393911832273321
3,2024,100,98,0.5388095586081884
3,2024,100,99,0.5382994609431037
3,2024,100,100,0.537334002739064
3,2024,800,1,0.6008010202062158
3,2024,800,2,0.5739767955872483
3,2024,800,3,0.5673448086106462
3,2024,800,4,0.5639233691901266
3,2024,800,5,0.5612720952829509
3,2024,800,6,0.558730190087403
3,2024,800,7,0.5580147807935336
3,2024,800,8,0.555604131376079
3,2024,800,9,0.55626666522316
3,2024,800,10,0.5536729062468366
3,2024,800,11,0.5534829713112904
3,2024,800,12,0.5522800716336714
3,2024,800,13,0.5520882713974471
3,2024,800,14,0.5509555797057714
3,2024,800,15,0.5517673205807562
3,2024,800,16,0.5506526851216453
3,2024,800,17,0.5500445993248739
3,2024,800,18,0.5489688267522438
3,2024,800,19,0.548805530956846
3,2024,800,20,0.5484314998182123
3,2024,800,21,0.5486979493582135
3,2024,800,22,0.5483501983867904
3,2024,800,23,0.547459051834559
3,2024,800,24,0.5475800986728094
3,2024,800,25,0.5472419968607749
3,2024,800,26,0.5472514791322204
3,2024,800,27,0.5469357461253087
3,2024,800,28,0.5459099921446025
3,2024,800,29,0.5463100960821131
3,2024,800,30,0.547117697538027
3,2024,800,31,0.545905897377682
3,2024,800,32,0.5453027980608933
3,2024,800,33,0.5450277921698224
3,2024,800,34,0.5448147531450476
3,2024,800,35,0.544703468062923
3,2024,800,36,0.5448092611401161
3,2024,800,37,0.5439336491935746
3,2024,800,38,0.54427069561633
3,2024,800,39,0.5434572147263034
3,2024,800,40,0.5447034389528781
3,2024,800,41,0.5438609921733297
3,2024,800,42,0.5437316417403537
3,2024,800,43,0.5431105800616424
3,2024,800,44,0.543129453704638
3,2024,800,45,0.543137835231958
3,2024,800,46,0.5431047219961616
3,2024,800,47,0.5424787620716037
3,2024,800,48,0.5431251392625523
3,2024,800,49,0.541633091307923
3,2024,800,50,0.5427988139757388
3,2024,800,51,0.5426162756284935
3,2024,800,52,0.5422332170437443
3,2024,800,53,0.5413706584011024
3,2024,800,54,0.5413643006834412
3,2024,800,55,0.5418906075588832
3,2024,800,56,0.5422651390172308
3,2024,800,57,0.5419036852397765
3,2024,800,58,0.542030183361321
3,2024,800,59,0.5419622119136018
3,2024,800,60,0.5417229238767064
3,2024,800,61,0.5419373960158349
3,2024,800,62,0.5406913043897151
3,2024,800,63,0.5414559004947606
3,2024,800,64,0.5412714553554184
3,2024,800,65,0.5413252269560511
3,2024,800,66,0.5404983730397374
3,2024,800,67,0.541178584624845
3,2024,800,68,0.5404018219508591
3,2024,800,69,0.5410609508825159
3,2024,800,70,0.5407236492714309
3,2024,800,71,0.5396739038466468
3,2024,800,72,0.5410626511913819
3,2024,800,73,0.5411269818401477
3,2024,800,74,0.5395390209473354
3,2024,800,75,0.5392383418801161
3,2024,800,76,0.5398394562478526
3,2024,800,77,0.5403014665410625
3,2024,800,78,0.539623469439713
3,2024,800,79,0.5393484027861197
3,2024,800,80,0.5387913473861649
3,2024,800,81,0.540074686320368
3,2024,800,82,0.5398746768081006
3,2024,800,83,0.5397853980227898
3,2024,800,84,0.5398514322458245
3,2024,800,85,0.5391809886679996
3,2024,800,86,0.5401978087660732
3,2024,800,87,0.5394215518744268
3,2024,800,88,0.538935308351921
3,2024,800,89,0.5385106999861111
3,2024,800,90,0.5389932871276139
3,2024,800,91,0.5382539115964864
3,2024,800,92,0.5386876588042718
3,2024,800,93,0.5395462598284468
3,2024,800,94,0.5383424533616562
3,2024,800,95,0.5384292750300123
3,2024,800,96,0.5383350235064472
3,2024,800,97,0.5393911832273321
3,2024,800,98,0.5388095586081884
3,2024,800,99,0.5382994609431037
3,2024,800,100,0.537334002739064
3,2024,800,101,0.538655452288752
3,2024,800,102,0.5376452924084055
3,2024,800,103,0.537541251082217
3,2024,800,104,0.538544624981028
3,2024,800,105,0.5391009702036748
3,2024,800,106,0.5378619410152053
3,2024,800,107,0.537602151285897
3,2024,800,108,0.5384631413141209
3,2024,800,109,0.538090431246539
3,2024,800,110,0.5373743123758861
3,2024,800,111,0.537362958176758
4,42,100,1,0.5960174119680991
4,42,100,2,0.5755864450645435
4,42,100,3,0.570646145040822
4,42,100,4,0.5686086084953221
4,42,100,5,0.5660896023055945
4,42,100,6,0.5648716785774212
4,42,100,7,0.5644942697778873
4,42,100,8,0.5629144413223103
4,42,100,9,0.5625851862957025
4,42,100,10,0.5613726745687121
4,42,100,11,0.5610040383712595
4,42,100,12,0.5603352815105418
4,42,100,13,0.5609873201497567
4,42,100,14,0.5595255011748006
4,42,100,15,0.5593770977414773
4,42,100,16,0.5581853835392654
4,42,100,17,0.5580978324504511
4,42,100,18,0.5580230773282204
4,42,100,19,0.5577985257188449
4,42,100,20,0.5568103797867622
4,42,100,21,0.5563410028801906
4,42,100,22,0.5559236580325856
4,42,100,23,0.5566214574704348
4,42,100,24,0.5561220999931064
4,42,100,25,0.5556437041633853
4,42,100,26,0.5554220424265601
4,42,100,27,0.554953510468419
4,42,100,28,0.5539704867361426
4,42,100,29,0.5545185795080709
4,42,100,30,0.5547064741636865
4,42,100,31,0.5544543850823445
4,42,100,32,0.5531174192687062
4,42,100,33,0.5539997411187266
4,42,100,34,0.5537268391717279
4,42,100,35,0.5525011192465982
4,42,100,36,0.5532703290122583
4,42,100,37,0.5528492228045421
4,42,100,38,0.5527214110515218
4,42,100,39,0.5530576623946412
4,42,100,40,0.5522968900251565
4,42,100,41,0.5519257030887843
4,42,100,42,0.5532728582589808
4,42,100,43,0.5516725591864892
4,42,100,44,0.5520704079577736
4,42,100,45,0.5519941262366767
4,42,100,46,0.5520944540764375
4,42,100,47,0.551852232223505
4,42,100,48,0.5517096693930009
4,42,100,49,0.5516623043735053
4,42,100,50,0.5512848910214432
4,42,100,51,0.5505341534763052
4,42,100,52,0.5510330127851908
4,42,100,53,0.5508845327384954
4,42,100,54,0.5514009079992357
4,42,100,55,0.5512056587715256
4,42,100,56,0.5512947454307202
4,42,100,57,0.5510394164118222
4,42,100,58,0.5505658153436345
4,42,100,59,0.5509724197696038
4,42,100,60,0.550588193720766
4,42,100,61,0.5503471641965051
4,42,100,62,0.5506960538679296
4,42,100,63,0.5502161333119093
4,42,100,64,0.5500175394099963
4,42,100,65,0.5498245786843717
4,42,100,66,0.550587869368479
4,42,100,67,0.5501669584880927
4,42,100,68,0.5503979316678507
4,42,100,69,0.5497402703119326
4,42,100,70,0.5493516611113971
4,42,100,71,0.5494740644730888
4,42,100,72,0.5503095344955098
4,42,100,73,0.54852285062396
4,42,100,74,0.5494854110737988
4,42,100,75,0.5505577043345525
4,42,100,76,0.5491211761042397
4,42,100,77,0.549941697176391
4,42,100,78,0.5496127673912967
4,42,100,79,0.5497404872997748
4,42,100,80,0.549249461737154
4,42,100,81,0.5493957654828682
4,42,100,82,0.5510811936702954
4,42,100,83,0.5491922021201606
4,42,100,84,0.5490582990651892
4,42,800,1,0.5960174119680991
4,42,800,2,0.5755864450645435
4,42,800,3,0.570646145040822
4,42,800,4,0.5686086084953221
4,42,800,5,0.5660896023055945
4,42,800,6,0.5648716785774212
4,42,800,7,0.5644942697778873
4,42,800,8,0.5629144413223103
4,42,800,9,0.5625851862957025
4,42,800,10,0.5613726745687121
4,42,800,11,0.5610040383712595
4,42,800,12,0.5603352815105418
4,42,800,13,0.5609873201497567
4,42,800,14,0.5595255011748006
4,42,800,15,0.5593770977414773
4,42,800,16,0.5581853835392654
4,42,800,17,0.5580978324504511
4,42,800,18,0.5580230773282204
4,42,800,19,0.5577985257188449
4,42,800,20,0.5568103797867622
4,42,800,21,0.5563410028801906
4,42,800,22,0.5559236580325856
4,42,800,23,0.5566214574704348
4,42,800,24,0.5561220999931064
4,42,800,25,0.5556437041633853
4,42,800,26,0.5554220424265601
4,42,800,27,0.554953510468419
4,42,800,28,0.5539704867361426
4,42,800,29,0.5545185795080709
4,42,800,30,0.5547064741636865
4,42,800,31,0.5544543850823445
4,42,800,32,0.5531174192687062
4,42,800,33,0.5539997411187266
4,42,800,34,0.5537268391717279
4,42,800,35,0.5525011192465982
4,42,800,36,0.5532703290122583
4,42,800,37,0.5528492228045421
4,42,800,38,0.5527214110515218
4,42,800,39,0.5530576623946412
4,42,800,40,0.5522968900251565
4,42,800,41,0.5519257030887843
4,42,800,42,0.5532728582589808
4,42,800,43,0.5516725591864892
4,42,800,44,0.5520704079577736
4,42,800,45,0.5519941262366767
4,42,800,46,0.5520944540764375
4,42,800,47,0.551852232223505
4,42,800,48,0.5517096693930009
4,42,800,49,0.5516623043735053
4,42,800,50,0.5512848910214432
4,42,800,51,0.5505341534763052
4,42,800,52,0.5510330127851908
4,42,800,53,0.5508845327384954
4,42,800,54,0.5514009079992357
4,42,800,55,0.5512056587715256
4,42,800,56,0.5512947454307202
4,42,800,57,0.5510394164118222
4,42,800,58,0.5505658153436345
4,42,800,59,0.5509724197696038
4,42,800,60,0.550588193720766
4,42,800,61,0.5503471641965051
4,42,800,62,0.5506960538679296
4,42,800,63,0.5502161333119093
4,42,800,64,0.5500175394099963
4,42,800,65,0.5498245786843717
4,42,800,66,0.550587869368479
4,42,800,67,0.5501669584880927
4,42,800,68,0.5503979316678507
4,42,800,69,0.5497402703119326
4,42,800,70,0.5493516611113971
4,42,800,71,0.5494740644730888
4,42,800,72,0.5503095344955098
4,42,800,73,0.54852285062396
4,42,800,74,0.5494854110737988
4,42,800,75,0.5505577043345525
4,42,800,76,0.5491211761042397
4,42,800,77,0.549941697176391
4,42,800,78,0.5496127673912967
4,42,800,79,0.5497404872997748
4,42,800,80,0.549249461737154
4,42,800,81,0.5493957654828682
4,42,800,82,0.5510811936702954
4,42,800,83,0.5491922021201606
4,42,800,84,0.5490582990651892
4,1337,100,1,0.6031923187736564
4,1337,100,2,0.5769735409075021
4,1337,100,3,0.5727341349125721
4,1337,100,4,0.5696693965902183
4,1337,100,5,0.5669095404285704
4,1337,100,6,0.5655392284100043
4,1337,100,7,0.5642211840048325
4,1337,100,8,0.5633760789397853
4,1337,100,9,0.5627846123114894
4,1337,100,10,0.5626619326543659
4,1337,100,11,0.5614712974238111
4,1337,100,12,0.5611048925041159
4,1337,100,13,0.5600612889783297
4,1337,100,14,0.5605952322161596
4,1337,100,15,0.5594507319489515
4,1337,100,16,0.5592087983248277
4,1337,100,17,0.5590218875763768
4,1337,100,18,0.558633835906184
4,1337,100,19,0.5587198228529088
4,1337,100,20,0.5581843365839907
4,1337,100,21,0.5579768384947077
4,1337,100,22,0.557398350601643
4,1337,100,23,0.5575575964905766
4,1337,100,24,0.5570052907900642
4,1337,100,25,0.5566712454693986
4,1337,100,26,0.5564449860056274
4,1337,100,27,0.5565208283839412
4,1337,100,28,0.5561694288530209
4,1337,100,29,0.5560599371776384
4,1337,100,30,0.5566004748328798
4,1337,100,31,0.5554540666350006
4,1337,100,32,0.5555898830299333
4,1337,100,33,0.5559056429699472
4,1337,100,34,0.5547902767088914
4,1337,100,35,0.5549062371872198
4,1337,100,36,0.555552013297755
4,1337,100,37,0.5552525719261509
4,1337,100,38,0.5551970170394706
4,1337,100,39,0.5544096573545595
4,1337,100,40,0.5545171546544585
4,1337,100,41,0.5542660570571307
4,1337,100,42,0.5545694089374124
4,1337,100,43,0.5542632251149169
4,1337,100,44,0.5544022496532727
4,1337,100,45,0.5543076495298482
4,1337,100,46,0.5532535874524963
4,1337,100,47,0.5541404814866749
4,1337,100,48,0.5531652462641798
4,1337,100,49,0.5536846281614333
4,1337,100,50,0.553554414110166
4,1337,100,51,0.5526911711716752
4,1337,100,52,0.5530046064842709
4,1337,100,53,0.5532408564339635
4,1337,100,54,0.5530648153455824
4,1337,100,55,0.5524444311624356
4,1337,100,56,0.5525619218797736
4,1337,100,57,0.5521299028817943
4,1337,100,58,0.5528221765840865
4,1337,100,59,0.5524798850401882
4,1337,100,60,0.5517793409956202
4,1337,100,61,0.5521839456237944
4,1337,100,62,0.5515515236317174
4,1337,100,63,0.551386394262176
4,1337,100,64,0.5516278477937563
4,1337,100,65,0.5518687057829972
4,1337,100,66,0.55125524280352
4,1337,100,67,0.5518486320650481
4,1337,100,68,0.5519423747718228
4,1337,100,69,0.5512688254803657
4,1337,100,70,0.5512554829402245
4,1337,100,71,0.5515630378315267
4,1337,100,72,0.5514762884775595
4,1337,100,73,0.5511973281187866
4,1337,100,74,0.5511204409805122
4,1337,100,75,0.5508803394226932
4,1337,100,76,0.5513569282103563
4,1337,100,77,0.5511139303493422
4,1337,100,78,0.550644511719385
4,1337,100,79,0.551018007709685
4,1337,100,80,0.5505802682537353
4,1337,100,81,0.5505619847880935
4,1337,100,82,0.5503413504002121
4,1337,100,83,0.5513575201831961
4,1337,100,84,0.5508018956068523
4,1337,100,85,0.5500305038852871
4,1337,100,86,0.5495376331088886
4,1337,100,87,0.5505706243336704
4,1337,100,88,0.5504106115524641
4,1337,100,89,0.5514849951401853
4,1337,100,90,0.5500484619512563
4,1337,100,91,0.5509259560877107
4,1337,100,92,0.5506933521258565
4,1337,100,93,0.5501986862362983
4,1337,100,94,0.5501099118965798
4,1337,100,95,0.5504506315165972
4,1337,100,96,0.55028849531052
4,1337,100,97,0.5498689220540163
4,1337,800,1,0.6031923187736564
4,1337,800,2,0.5769735409075021
4,1337,800,3,0.5727341349125721
4,1337,800,4,0.5696693965902183
4,1337,800,5,0.5669095404285704
4,1337,800,6,0.5655392284100043
4,1337,800,7,0.5642211840048325
4,1337,800,8,0.5633760789397853
4,1337,800,9,0.5627846123114894
4,1337,800,10,0.5626619326543659
4,1337,800,11,0.5614712974238111
4,1337,800,12,0.5611048925041159
4,1337,800,13,0.5600612889783297
4,1337,800,14,0.5605952322161596
4,1337,800,15,0.5594507319489515
4,1337,800,16,0.5592087983248277
4,1337,800,17,0.5590218875763768
4,1337,800,18,0.558633835906184
4,1337,800,19,0.5587198228529088
4,1337,800,20,0.5581843365839907
4,1337,800,21,0.5579768384947077
4,1337,800,22,0.557398350601643
4,1337,800,23,0.5575575964905766
4,1337,800,24,0.5570052907900642
4,1337,800,25,0.5566712454693986
4,1337,800,26,0.5564449860056274
4,1337,800,27,0.5565208283839412
4,1337,800,28,0.5561694288530209
4,1337,800,29,0.5560599371776384
4,1337,800,30,0.5566004748328798
4,1337,800,31,0.5554540666350006
4,1337,800,32,0.5555898830299333
4,1337,800,33,0.5559056429699472
4,1337,800,34,0.5547902767088914
4,1337,800,35,0.5549062371872198
4,1337,800,36,0.555552013297755
4,1337,800,37,0.5552525719261509
4,1337,800,38,0.5551970170394706
4,1337,800,39,0.5544096573545595
4,1337,800,40,0.5545171546544585
4,1337,800,41,0.5542660570571307
4,1337,800,42,0.5545694089374124
4,1337,800,43,0.5542632251149169
4,1337,800,44,0.5544022496532727
4,1337,800,45,0.5543076495298482
4,1337,800,46,0.5532535874524963
4,1337,800,47,0.5541404814866749
4,1337,800,48,0.5531652462641798
4,1337,800,49,0.5536846281614333
4,1337,800,50,0.553554414110166
4,1337,800,51,0.5526911711716752
4,1337,800,52,0.5530046064842709
4,1337,800,53,0.5532408564339635
4,1337,800,54,0.5530648153455824
4,1337,800,55,0.5524444311624356
4,1337,800,56,0.5525619218797736
4,1337,800,57,0.5521299028817943
4,1337,800,58,0.5528221765840865
4,1337,800,59,0.5524798850401882
4,1337,800,60,0.5517793409956202
4,1337,800,61,0.5521839456237944
4,1337,800,62,0.5515515236317174
4,1337,800,63,0.551386394262176
4,1337,800,64,0.5516278477937563
4,1337,800,65,0.5518687057829972
4,1337,800,66,0.55125524280352
4,1337,800,67,0.5518486320650481
4,1337,800,68,0.5519423747718228
4,1337,800,69,0.5512688254803657
4,1337,800,70,0.5512554829402245
4,1337,800,71,0.5515630378315267
4,1337,800,72,0.5514762884775595
4,1337,800,73,0.5511973281187866
4,1337,800,74,0.5511204409805122
4,1337,800,75,0.5508803394226932
4,1337,800,76,0.5513569282103563
4,1337,800,77,0.5511139303493422
4,1337,800,78,0.550644511719385
4,1337,800,79,0.551018007709685
4,1337,800,80,0.5505802682537353
4,1337,800,81,0.5505619847880935
4,1337,800,82,0.5503413504002121
4,1337,800,83,0.5513575201831961
4,1337,800,84,0.5508018956068523
4,1337,800,85,0.5500305038852871
4,1337,800,86,0.5495376331088886
4,1337,800,87,0.5505706243336704
4,1337,800,88,0.5504106115524641
4,1337,800,89,0.5514849951401853
4,1337,800,90,0.5500484619512563
4,1337,800,91,0.5509259560877107
4,1337,800,92,0.5506933521258565
4,1337,800,93,0.5501986862362983
4,1337,800,94,0.5501099118965798
4,1337,800,95,0.5504506315165972
4,1337,800,96,0.55028849531052
4,1337,800,97,0.5498689220540163
4,2024,100,1,0.5972242829915195
4,2024,100,2,0.5759746929464561
4,2024,100,3,0.5716435420250446
4,2024,100,4,0.5677046461715178
4,2024,100,5,0.5654473967342077
4,2024,100,6,0.5645779793598199
4,2024,100,7,0.5630963363098169
4,2024,100,8,0.5622283597126485
4,2024,100,9,0.5615518711741883
4,2024,100,10,0.5613851920153873
4,2024,100,11,0.5609770835774321
4,2024,100,12,0.5600754982940298
4,2024,100,13,0.5592568443783736
4,2024,100,14,0.5586430619954117
4,2024,100,15,0.5587650376894914
4,2024,100,16,0.557559559136699
4,2024,100,17,0.5575178163199317
4,2024,100,18,0.5569759317059882
4,2024,100,19,0.5568961483723971
4,2024,100,20,0.5567299375741606
4,2024,100,21,0.5557967629227425
4,2024,100,22,0.5554904153246055
4,2024,100,23,0.5555919500888277
4,2024,100,24,0.5553786194721544
4,2024,100,25,0.5552429005785396
4,2024,100,26,0.555019700834904
4,2024,100,27,0.5549431346207889
4,2024,100,28,0.5540744770257027
4,2024,100,29,0.5541823189321328
4,2024,100,30,0.5541811253710397
4,2024,100,31,0.5537678718340772
4,2024,100,32,0.5531648180183973
4,2024,100,33,0.5538883356863126
4,2024,100,34,0.5536162735227842
4,2024,100,35,0.5532851625528182
4,2024,100,36,0.5527553749023427
4,2024,100,37,0.5529161858688647
4,2024,100,38,0.5527418257135973
4,2024,100,39,0.5525949355213491
4,2024,100,40,0.553723552886763
4,2024,100,41,0.5525827581541574
4,2024,100,42,0.5518131576934078
4,2024,100,43,0.5524705898470943
4,2024,100,44,0.551812225086164
4,2024,100,45,0.5520946555299099
4,2024,100,46,0.5523094005011892
4,2024,100,47,0.5518208645832174
4,2024,100,48,0.5520000312655442
4,2024,100,49,0.5509652020858523
4,2024,100,50,0.5515351183956582
4,2024,100,51,0.5511206296527704
4,2024,100,52,0.5508667822656174
4,2024,100,53,0.5511889039900951
4,2024,100,54,0.5508814269489378
4,2024,100,55,0.5516972713349587
4,2024,100,56,0.5502315589281322
4,2024,100,57,0.5507586873339813
4,2024,100,58,0.5505878563229136
4,2024,100,59,0.5501720259667421
4,2024,100,60,0.5509121764418546
4,2024,100,61,0.5507400365115868
4,2024,100,62,0.5502276191790492
4,2024,100,63,0.5505452813410873
4,2024,100,64,0.5501701201362765
4,2024,100,65,0.5503029515198883
4,2024,100,66,0.5515631564657086
4,2024,100,67,0.5492337108415983
4,2024,100,68,0.5499252951098672
4,2024,100,69,0.55012264632083
4,2024,100,70,0.5504086797908053
4,2024,100,71,0.548974795617109
4,2024,100,72,0.5499241545850336
4,2024,100,73,0.5503919388158652
4,2024,100,74,0.5500485332840698
4,2024,100,75,0.5497214241471304
4,2024,100,76,0.549626510935287
4,2024,100,77,0.5494446862211253
4,2024,100,78,0.5493211178393065
4,2024,100,79,0.5497616220359809
4,2024,100,80,0.549552703636016
4,2024,100,81,0.5492139503149912
4,2024,100,82,0.5492926322041523
4,2024,800,1,0.5972242829915195
4,2024,800,2,0.5759746929464561
4,2024,800,3,0.5716435420250446
4,2024,800,4,0.5677046461715178
4,2024,800,5,0.5654473967342077
4,2024,800,6,0.5645779793598199
4,2024,800,7,0.5630963363098169
4,2024,800,8,0.5622283597126485
4,2024,800,9,0.5615518711741883
4,2024,800,10,0.5613851920153873
4,2024,800,11,0.5609770835774321
4,2024,800,12,0.5600754982940298
4,2024,800,13,0.5592568443783736
4,2024,800,14,0.5586430619954117
4,2024,800,15,0.5587650376894914
4,2024,800,16,0.557559559136699
4,2024,800,17,0.5575178163199317
4,2024,800,18,0.5569759317059882
4,2024,800,19,0.5568961483723971
4,2024,800,20,0.5567299375741606
4,2024,800,21,0.5557967629227425
4,2024,800,22,0.5554904153246055
4,2024,800,23,0.5555919500888277
4,2024,800,24,0.5553786194721544
4,2024,800,25,0.5552429005785396
4,2024,800,26,0.555019700834904
4,2024,800,27,0.5549431346207889
4,2024,800,28,0.5540744770257027
4,2024,800,29,0.5541823189321328
4,2024,800,30,0.5541811253710397
4,2024,800,31,0.5537678718340772
4,2024,800,32,0.5531648180183973
4,2024,800,33,0.5538883356863126
4,2024,800,34,0.5536162735227842
4,2024,800,35,0.5532851625528182
4,2024,800,36,0.5527553749023427
4,2024,800,37,0.5529161858688647
4,2024,800,38,0.5527418257135973
4,2024,800,39,0.5525949355213491
4,2024,800,40,0.553723552886763
4,2024,800,41,0.5525827581541574
4,2024,800,42,0.5518131576934078
4,2024,800,43,0.5524705898470943
4,2024,800,44,0.551812225086164
4,2024,800,45,0.5520946555299099
4,2024,800,46,0.5523094005011892
4,2024,800,47,0.5518208645832174
4,2024,800,48,0.5520000312655442
4,2024,800,49,0.5509652020858523
4,2024,800,50,0.5515351183956582
4,2024,800,51,0.5511206296527704
4,2024,800,52,0.5508667822656174
4,2024,800,53,0.5511889039900951
4,2024,800,54,0.5508814269489378
4,2024,800,55,0.5516972713349587
4,2024,800,56,0.5502315589281322
4,2024,800,57,0.5507586873339813
4,2024,800,58,0.5505878563229136
4,2024,800,59,0.5501720259667421
4,2024,800,60,0.5509121764418546
4,2024,800,61,0.5507400365115868
4,2024,800,62,0.5502276191790492
4,2024,800,63,0.5505452813410873
4,2024,800,64,0.5501701201362765
4,2024,800,65,0.5503029515198883
4,2024,800,66,0.5515631564657086
4,2024,800,67,0.5492337108415983
4,2024,800,68,0.5499252951098672
4,2024,800,69,0.55012264632083
4,2024,800,70,0.5504086797908053
4,2024,800,71,0.548974795617109
4,2024,800,72,0.5499241545850336
4,2024,800,73,0.5503919388158652
4,2024,800,74,0.5500485332840698
4,2024,800,75,0.5497214241471304
4,2024,800,76,0.549626510935287
4,2024,800,77,0.5494446862211253
4,2024,800,78,0.5493211178393065
4,2024,800,79,0.5497616220359809
4,2024,800,80,0.549552703636016
4,2024,800,81,0.5492139503149912
4,2024,800,82,0.5492926322041523
