modelo,seed,epoca,perda
M0,42,1,0.5944507605120797
M0,42,2,0.5779121508264119
M0,42,3,0.5734536498691721
M0,42,4,0.5715485711251119
M0,42,5,0.5697907164689444
M0,42,6,0.5687710973647877
M0,42,7,0.568197712027034
M0,42,8,0.5668351498351918
M0,42,9,0.5657118267008835
M0,42,10,0.564579115554686
M0,42,11,0.5643722779510483
M0,42,12,0.5641189619607743
M0,42,13,0.5634051623367909
M0,42,14,0.5627599357278436
M0,42,15,0.5627033183662287
M0,42,16,0.5620517465045991
M0,42,17,0.5619349539102553
M0,42,18,0.5607380985957425
M0,42,19,0.5614459745161958
M0,42,20,0.5607673896051117
M0,42,21,0.5609448135900328
M0,42,22,0.5601687969796548
M0,42,23,0.5602121666626427
M0,42,24,0.5601982518019809
M0,42,25,0.5603753939635961
M0,42,26,0.5590642352603608
M0,42,27,0.5590473316847914
M0,42,28,0.5581488525453296
M0,42,29,0.5582261788028985
M0,42,30,0.5579324602876089
M0,42,31,0.5578879989859283
M0,42,32,0.5577809456835725
M0,42,33,0.5574145026583692
M0,42,34,0.5581347501952273
M0,42,35,0.5570261988670913
M0,42,36,0.5569216202060375
M0,42,37,0.5571139887870281
M0,42,38,0.5570989158921261
M0,42,39,0.5571930139345314
M0,42,40,0.557301010325011
M0,42,41,0.556305672909598
M0,42,42,0.5563535917945938
M0,42,43,0.5564529663012436
M0,42,44,0.5563626975263825
M0,42,45,0.5562758248023911
M0,42,46,0.5557371686312808
M0,42,47,0.5560206782385013
M0,42,48,0.55604833408271
M0,42,49,0.5557387602028029
M0,42,50,0.5558851168525422
M0,42,51,0.5567784332452526
M0,42,52,0.5556353947466852
M0,42,53,0.5556827654911931
M0,42,54,0.5551801605716333
M0,42,55,0.5555613586848731
M0,42,56,0.5560014981539472
M0,42,57,0.5554217338038782
M0,42,58,0.5547698817390709
M0,42,59,0.5552718338038724
M0,42,60,0.5553174822977921
M0,42,61,0.5549640146264831
M0,42,62,0.555107176429433
M0,42,63,0.5544464377070145
M0,42,64,0.5555353261563957
M0,42,65,0.5549863067982397
M0,42,66,0.5547119779998251
M0,42,67,0.5548613637438268
M0,42,68,0.5550018560923955
M0,42,69,0.5555752091684877
M0,42,70,0.5542175343354767
M0,42,71,0.5548017472414741
M0,42,72,0.554402862028916
M0,42,73,0.5540737468668804
M0,42,74,0.5541599583423139
M0,42,75,0.5543473624195215
M0,42,76,0.5543189898015607
M0,42,77,0.5539557503676035
M0,42,78,0.5541903598872359
M0,42,79,0.5549987744593791
M0,42,80,0.5537605069833342
M0,42,81,0.5548043846111742
M0,42,82,0.5539552222887606
M0,42,83,0.5536006243735166
M0,42,84,0.5543764795453083
M0,42,85,0.553428333287231
M0,42,86,0.5535708990667351
M0,42,87,0.5538024900154546
M0,42,88,0.5542640870873529
M0,42,89,0.5537884653773693
M0,42,90,0.5536417952807371
M0,42,91,0.5536248219984606
M0,42,92,0.554176540312607
M0,42,93,0.553049661695003
M0,42,94,0.5535516560300108
M0,42,95,0.5539919772659841
M0,42,96,0.5537818394281621
M0,42,97,0.5529578999846928
M0,42,98,0.5540237339520069
M0,42,99,0.5530758171607902
M0,42,100,0.55274053245193
M0,42,101,0.5531951774241886
M0,42,102,0.5530847952572564
M0,42,103,0.5533040884185843
M0,42,104,0.5532334811810677
M0,42,105,0.5533244572835053
M0,42,106,0.5538376099238734
M0,42,107,0.5528793203767981
M0,42,108,0.5527209310818475
M0,42,109,0.5530783489676031
M0,42,110,0.5530554634662244
M0,42,111,0.5528766639304973
MRT,42,1,0.593421924896475
MRT,42,2,0.5789876761928373
MRT,42,3,0.575374979465945
MRT,42,4,0.5731318749058444
MRT,42,5,0.5715628619112589
MRT,42,6,0.5708126001902668
MRT,42,7,0.5697665618963964
MRT,42,8,0.5687325396225067
MRT,42,9,0.568408021321076
MRT,42,10,0.5676170507364261
MRT,42,11,0.5671914774201625
MRT,42,12,0.5672071135367897
MRT,42,13,0.5660915550018422
MRT,42,14,0.5654192966174443
MRT,42,15,0.5654969245049734
MRT,42,16,0.565227937572276
MRT,42,17,0.565113630588001
MRT,42,18,0.5647525650283151
MRT,42,19,0.5643768669440594
MRT,42,20,0.5636238672481472
MRT,42,21,0.5637362770332612
MRT,42,22,0.5629631439207257
MRT,42,23,0.5635777689010564
MRT,42,24,0.5626741030989506
MRT,42,25,0.5629708883839319
MRT,42,26,0.5624185323764946
MRT,42,27,0.5627177251845656
MRT,42,28,0.5620919319342856
MRT,42,29,0.5619218300924482
MRT,42,30,0.5615066199300226
MRT,42,31,0.5611360794471745
MRT,42,32,0.5610073271078291
MRT,42,33,0.5615786005986153
MRT,42,34,0.5607346179184981
MRT,42,35,0.5606081640555729
MRT,42,36,0.5602424998296404
MRT,42,37,0.5603290523925661
MRT,42,38,0.5597329149971144
MRT,42,39,0.5604336249945597
MRT,42,40,0.5603055981096764
MRT,42,41,0.560380384448011
MRT,42,42,0.5596076763304293
MRT,42,43,0.559767662453674
MRT,42,44,0.5602499813825124
MRT,42,45,0.5604236833576086
MRT,42,46,0.5596186731293474
MRT,42,47,0.5599420940550062
MRT,42,48,0.5592953299219509
MRT,42,49,0.5596523577890244
MRT,42,50,0.5599779463913468
MRT,42,51,0.559893039109819
MRT,42,52,0.5597017207410127
MRT,42,53,0.5597984360481274
MRT,42,54,0.5586678837042579
MRT,42,55,0.5588903733081364
MRT,42,56,0.5589410032385297
MRT,42,57,0.5593721692192855
MRT,42,58,0.5588898533827905
MRT,42,59,0.559007271355897
MRT,42,60,0.5587475914814972
MRT,42,61,0.558657198629144
MRT,42,62,0.5591476495159466
MRT,42,63,0.5586385809095039
MRT,42,64,0.5593864708854156
MRT,42,65,0.5584910184729226
MRT,42,66,0.5583983469431264
MRT,42,67,0.558462645410065
MRT,42,68,0.5582553364710112
MRT,42,69,0.5578953691795149
MRT,42,70,0.558129404078063
MRT,42,71,0.5580507391450231
MRT,42,72,0.5584445701223779
MRT,42,73,0.558179235791219
MRT,42,74,0.5583237715031897
MRT,42,75,0.5582984148457043
MRT,42,76,0.5585291089952471
MRT,42,77,0.5580602909733329
MRT,42,78,0.5581168412457752
MRT,42,79,0.5581001341597973
MRT,42,80,0.5580004139672381
MREC,42,1,0.5957561196231296
MREC,42,2,0.5766105025295892
MREC,42,3,0.5711893608886077
MREC,42,4,0.5682484419545318
MREC,42,5,0.5661253804890141
MREC,42,6,0.5653650319540987
MREC,42,7,0.5643878304690363
MREC,42,8,0.5628154887094262
MREC,42,9,0.5608290696833717
MREC,42,10,0.559521957734878
MREC,42,11,0.5584256716366588
MREC,42,12,0.5583268129087364
MREC,42,13,0.5583799841238976
MREC,42,14,0.5569631129885828
MREC,42,15,0.5560230899738873
MREC,42,16,0.5555231921816642
MREC,42,17,0.5551911817495574
MREC,42,18,0.5544093706029731
MREC,42,19,0.5549470554342399
MREC,42,20,0.5536218471101164
MREC,42,21,0.5528420502488837
MREC,42,22,0.552675814209174
MREC,42,23,0.5525141763506642
MREC,42,24,0.5519995124021092
MREC,42,25,0.5512696019213011
MREC,42,26,0.5511624040646446
MREC,42,27,0.5514104510975703
MREC,42,28,0.5510210009570633
MREC,42,29,0.5502634306669637
MREC,42,30,0.5499672682479202
MREC,42,31,0.5495654331153383
MREC,42,32,0.549769771719417
MREC,42,33,0.5490791116564187
MREC,42,34,0.5484846167491723
MREC,42,35,0.547462313289274
MREC,42,36,0.5490009779410597
MREC,42,37,0.5473354326121761
MREC,42,38,0.5475183683169175
MREC,42,39,0.5479880279404898
MREC,42,40,0.547233037156624
MREC,42,41,0.5464264460023389
MREC,42,42,0.5465531608637694
MREC,42,43,0.5464568830895291
MREC,42,44,0.5457863058171637
MREC,42,45,0.5472147325586804
MREC,42,46,0.5457253355480393
MREC,42,47,0.5448963199680619
MREC,42,48,0.5463369620181233
MREC,42,49,0.545359952945442
MREC,42,50,0.5453898622663971
MREC,42,51,0.5459509073398563
MREC,42,52,0.5448873123357068
MREC,42,53,0.5454452418359349
MREC,42,54,0.5454817755130957
MREC,42,55,0.5445112610738793
MREC,42,56,0.5440806898723479
MREC,42,57,0.5443110905950396
MREC,42,58,0.5442124002087946
MREC,42,59,0.543452917625769
MREC,42,60,0.5437798925345224
MREC,42,61,0.5440106122817299
MREC,42,62,0.5444153282250622
MREC,42,63,0.5439672933300018
MREC,42,64,0.543940948548091
MREC,42,65,0.5433389754888253
MREC,42,66,0.5413344352653211
MREC,42,67,0.5426795419626252
MREC,42,68,0.5428448562373734
MREC,42,69,0.5420970160102888
MREC,42,70,0.5421049069391303
MREC,42,71,0.5437652209709467
MREC,42,72,0.5429567935406043
MREC,42,73,0.542057715625794
MREC,42,74,0.5408402526677025
MREC,42,75,0.5418720133040571
MREC,42,76,0.5411030303553916
MREC,42,77,0.5412133055930043
MREC,42,78,0.5421342689164506
MREC,42,79,0.540677889947286
MREC,42,80,0.5406966624865831
MREC,42,81,0.5404190948512565
MREC,42,82,0.5403117597330189
MREC,42,83,0.5410678600181644
MREC,42,84,0.5408907294538784
MREC,42,85,0.5410424472922079
MREC,42,86,0.5409612421501551
MREC,42,87,0.5398189740521494
MREC,42,88,0.5416364861723324
MREC,42,89,0.5413395734879913
MREC,42,90,0.5396967767095807
MREC,42,91,0.5398215141580885
MREC,42,92,0.5404247598529525
MREC,42,93,0.5397599932271456
MREC,42,94,0.539160762598205
MREC,42,95,0.5388481211172528
MREC,42,96,0.5382214270142655
MREC,42,97,0.5391180292839673
MREC,42,98,0.5388968015354696
MREC,42,99,0.5391038210748932
MREC,42,100,0.5393052891145821
MREC,42,101,0.5383186423608083
MREC,42,102,0.5383700360883982
MREC,42,103,0.5389956998850768
MREC,42,104,0.5391411573708851
MREC,42,105,0.5379335403700597
MREC,42,106,0.5374677258419616
MREC,42,107,0.5385012123972402
MREC,42,108,0.5382873917796145
MREC,42,109,0.5387058107864608
MREC,42,110,0.5381491785998106
MREC,42,111,0.5383061653248588
MREC,42,112,0.5370330248223847
MREC,42,113,0.5377843705080467
MREC,42,114,0.5377617253160771
MREC,42,115,0.5395798816147299
MREC,42,116,0.5379437143911177
MREC,42,117,0.5373759839910945
MREC,42,118,0.537329450181383
MREC,42,119,0.5378577733804651
MREC,42,120,0.5366145506345837
MREC,42,121,0.5367027098710905
MREC,42,122,0.5375841136018028
MREC,42,123,0.5368771952804846
MREC,42,124,0.5368903182257287
MREC,42,125,0.5372460613226557
MREC,42,126,0.5370869226594742
MREC,42,127,0.5374481013858531
MREC,42,128,0.5384321428247436
MREC,42,129,0.537019660860842
MREC,42,130,0.5372178877192381
MREC,42,131,0.5361222498207708
MREC,42,132,0.5357821489498666
MREC,42,133,0.53532826905519
MREC,42,134,0.5366145453006431
MREC,42,135,0.5358841755769213
MREC,42,136,0.536135078394813
MREC,42,137,0.5365911369049337
MREC,42,138,0.53627576185941
MREC,42,139,0.5363480561842096
MREC,42,140,0.5359982975839676
MREC,42,141,0.535755114679774
MREC,42,142,0.5363704397974474
MREC,42,143,0.5356504220538172
MREC,42,144,0.5354333444227163
MFT,42,1,0.5944507605120797
MFT,42,2,0.5779121508264119
MFT,42,3,0.5734536498691721
MFT,42,4,0.5715485711251119
MFT,42,5,0.5697907164689444
MFT,42,6,0.5687710973647877
MFT,42,7,0.568197712027034
MFT,42,8,0.5668351498351918
MFT,42,9,0.5657118267008835
MFT,42,10,0.564579115554686
MFT,42,11,0.5643722779510483
MFT,42,12,0.5641189619607743
MFT,42,13,0.5634051623367909
MFT,42,14,0.5627599357278436
MFT,42,15,0.5627033183662287
MFT,42,16,0.5620517465045991
MFT,42,17,0.5619349539102553
MFT,42,18,0.5607380985957425
MFT,42,19,0.5614459745161958
MFT,42,20,0.5607673896051117
MFT,42,21,0.5609448135900328
MFT,42,22,0.5601687969796548
MFT,42,23,0.5602121666626427
MFT,42,24,0.5601982518019809
MFT,42,25,0.5603753939635961
MFT,42,26,0.5590642352603608
MFT,42,27,0.5590473316847914
MFT,42,28,0.5581488525453296
MFT,42,29,0.5582261788028985
MFT,42,30,0.5579324602876089
MFT,42,31,0.5578879989859283
MFT,42,32,0.5577809456835725
MFT,42,33,0.5574145026583692
MFT,42,34,0.5581347501952273
MFT,42,35,0.5570261988670913
MFT,42,36,0.5569216202060375
MFT,42,37,0.5571139887870281
MFT,42,38,0.5570989158921261
MFT,42,39,0.5571930139345314
MFT,42,40,0.557301010325011
MFT,42,41,0.556305672909598
MFT,42,42,0.5563535917945938
MFT,42,43,0.5564529663012436
MFT,42,44,0.5563626975263825
MFT,42,45,0.5562758248023911
MFT,42,46,0.5557371686312808
MFT,42,47,0.5560206782385013
MFT,42,48,0.55604833408271
MFT,42,49,0.5557387602028029
MFT,42,50,0.5558851168525422
MFT,42,51,0.5567784332452526
MFT,42,52,0.5556353947466852
MFT,42,53,0.5556827654911931
MFT,42,54,0.5551801605716333
MFT,42,55,0.5555613586848731
MFT,42,56,0.5560014981539472
MFT,42,57,0.5554217338038782
MFT,42,58,0.5547698817390709
MFT,42,59,0.5552718338038724
MFT,42,60,0.5553174822977921
MFT,42,61,0.5549640146264831
MFT,42,62,0.555107176429433
MFT,42,63,0.5544464377070145
MFT,42,64,0.5555353261563957
MFT,42,65,0.5549863067982397
MFT,42,66,0.5547119779998251
MFT,42,67,0.5548613637438268
MFT,42,68,0.5550018560923955
MFT,42,69,0.5555752091684877
MFT,42,70,0.5542175343354767
MFT,42,71,0.5548017472414741
MFT,42,72,0.554402862028916
MFT,42,73,0.5540737468668804
MFT,42,74,0.5541599583423139
MFT,42,75,0.5543473624195215
MFT,42,76,0.5543189898015607
MFT,42,77,0.5539557503676035
MFT,42,78,0.5541903598872359
MFT,42,79,0.5549987744593791
MFT,42,80,0.5537605069833342
MFT,42,81,0.5548043846111742
MFT,42,82,0.5539552222887606
MFT,42,83,0.5536006243735166
MFT,42,84,0.5543764795453083
MFT,42,85,0.553428333287231
MFT,42,86,0.5535708990667351
MFT,42,87,0.5538024900154546
MFT,42,88,0.5542640870873529
MFT,42,89,0.5537884653773693
MFT,42,90,0.5536417952807371
MFT,42,91,0.5536248219984606
MFT,42,92,0.554176540312607
MFT,42,93,0.553049661695003
MFT,42,94,0.5535516560300108
MFT,42,95,0.5539919772659841
MFT,42,96,0.5537818394281621
MFT,42,97,0.5529578999846928
MFT,42,98,0.5540237339520069
MFT,42,99,0.5530758171607902
MFT,42,100,0.55274053245193
MFT,42,101,0.5531951774241886
MFT,42,102,0.5530847952572564
MFT,42,103,0.5533040884185843
MFT,42,104,0.5532334811810677
MFT,42,105,0.5533244572835053
MFT,42,106,0.5538376099238734
MFT,42,107,0.5528793203767981
MFT,42,108,0.5527209310818475
MFT,42,109,0.5530783489676031
MFT,42,110,0.5530554634662244
MFT,42,111,0.5528766639304973
MFT,42,112,0.5712569853188849
M0,1337,1,0.6025188736577689
M0,1337,2,0.5794687327601228
M0,1337,3,0.5741467035714749
M0,1337,4,0.571387995437529
M0,1337,5,0.5707629530636313
M0,1337,6,0.5685357520689651
M0,1337,7,0.5679050148881075
M0,1337,8,0.5668653284138307
M0,1337,9,0.5658761840491446
M0,1337,10,0.564913446988823
M0,1337,11,0.5651613327783017
M0,1337,12,0.5646388012057127
M0,1337,13,0.5634155465159781
M0,1337,14,0.5638610479876631
M0,1337,15,0.5636685026791745
M0,1337,16,0.5625019323055828
M0,1337,17,0.5623747478302903
M0,1337,18,0.5622160862391696
M0,1337,19,0.5615328334304183
M0,1337,20,0.5614727703779478
M0,1337,21,0.5616971166937725
M0,1337,22,0.5611850581273061
M0,1337,23,0.5609501325227858
M0,1337,24,0.5608513532017901
M0,1337,25,0.5611461169559963
M0,1337,26,0.5597140182572596
M0,1337,27,0.5600249205215466
M0,1337,28,0.5591844388159626
M0,1337,29,0.5597916887259178
M0,1337,30,0.5592379938828674
M0,1337,31,0.5591686965375119
M0,1337,32,0.559454589119761
M0,1337,33,0.5593465032040904
M0,1337,34,0.559273854580124
M0,1337,35,0.5588620478630475
M0,1337,36,0.5601562195565094
M0,1337,37,0.5584372435555948
M0,1337,38,0.5587731772594337
M0,1337,39,0.5585985040044065
M0,1337,40,0.5585159963278052
M0,1337,41,0.558028971242752
M0,1337,42,0.5581837402169919
M0,1337,43,0.5579949640246883
M0,1337,44,0.5581629055743818
M0,1337,45,0.5578518319572614
M0,1337,46,0.5575251805777989
M0,1337,47,0.5576604823959321
M0,1337,48,0.5577991173959255
M0,1337,49,0.5573548611983725
M0,1337,50,0.5575713731488939
M0,1337,51,0.5569683106356935
M0,1337,52,0.5573052651839181
M0,1337,53,0.5571385340619989
M0,1337,54,0.5574151038268472
M0,1337,55,0.5571188690957312
M0,1337,56,0.5570836711103575
M0,1337,57,0.5568049766540956
M0,1337,58,0.5569597928423625
M0,1337,59,0.557004671123679
M0,1337,60,0.5569687780409681
M0,1337,61,0.5568930720347397
M0,1337,62,0.5566524364982508
M0,1337,63,0.5561001053224535
M0,1337,64,0.5564184076785996
M0,1337,65,0.5563559528470401
M0,1337,66,0.5567857918792052
M0,1337,67,0.5560543684468999
M0,1337,68,0.5564123633744469
M0,1337,69,0.5557437275560362
M0,1337,70,0.5553390659885848
M0,1337,71,0.5557725869921555
M0,1337,72,0.5557683118520625
M0,1337,73,0.5561954668387226
M0,1337,74,0.5558082573529682
M0,1337,75,0.5555708294509607
M0,1337,76,0.5553986649114345
M0,1337,77,0.5558013365501866
M0,1337,78,0.5559364930673277
M0,1337,79,0.5553766644935063
M0,1337,80,0.555257326464914
M0,1337,81,0.5551780264311895
MRT,1337,1,0.599628505737763
MRT,1337,2,0.5792853509587734
MRT,1337,3,0.5759353453057734
MRT,1337,4,0.5737471478043636
MRT,1337,5,0.5717483393470119
MRT,1337,6,0.570818568657667
MRT,1337,7,0.569865279172639
MRT,1337,8,0.5690943356566426
MRT,1337,9,0.568444549691727
MRT,1337,10,0.5681462289606697
MRT,1337,11,0.5673526843397124
MRT,1337,12,0.567050743513647
MRT,1337,13,0.5666279681657989
MRT,1337,14,0.56609295394613
MRT,1337,15,0.565799237745745
MRT,1337,16,0.5659426869974202
MRT,1337,17,0.5656440968718103
MRT,1337,18,0.5647775025327646
MRT,1337,19,0.5643885923809321
MRT,1337,20,0.565244165379731
MRT,1337,21,0.5641610508141653
MRT,1337,22,0.5638520363555699
MRT,1337,23,0.5640083669382827
MRT,1337,24,0.5639680893820693
MRT,1337,25,0.5631807612258354
MRT,1337,26,0.5631735509825035
MRT,1337,27,0.562901800635783
MRT,1337,28,0.5632005347122248
MRT,1337,29,0.5625549035480794
MRT,1337,30,0.5627621495568279
MRT,1337,31,0.562425463753345
MRT,1337,32,0.561839290089907
MRT,1337,33,0.5625241339293475
MRT,1337,34,0.5618207749099164
MRT,1337,35,0.5617711119124434
MRT,1337,36,0.5621877960048386
MRT,1337,37,0.5615335314020617
MRT,1337,38,0.5614026683204292
MRT,1337,39,0.5614477159499492
MRT,1337,40,0.5611707375497254
MRT,1337,41,0.5610891081623633
MRT,1337,42,0.5608800568522061
MRT,1337,43,0.5610894899922967
MRT,1337,44,0.5610412529404026
MRT,1337,45,0.5608026943477582
MRT,1337,46,0.5610454160539188
MRT,1337,47,0.5606552313215534
MRT,1337,48,0.5605463697744638
MRT,1337,49,0.5601589944413625
MRT,1337,50,0.5599199948016489
MRT,1337,51,0.5604036415316198
MRT,1337,52,0.5602087351223781
MRT,1337,53,0.5606474198867504
MRT,1337,54,0.5598743638154469
MRT,1337,55,0.5601115014301339
MRT,1337,56,0.5596588432366643
MRT,1337,57,0.5600111734477851
MRT,1337,58,0.5595209146907383
MRT,1337,59,0.5596816893237178
MRT,1337,60,0.559984794939169
MRT,1337,61,0.5599365381699586
MRT,1337,62,0.5597555006800453
MRT,1337,63,0.5598804122812471
MRT,1337,64,0.559879351257123
MRT,1337,65,0.5601563093587139
MRT,1337,66,0.5589457377466537
MRT,1337,67,0.5593221737535611
MRT,1337,68,0.5592437246831446
MRT,1337,69,0.5591362304772345
MRT,1337,70,0.5593114284479804
MRT,1337,71,0.5591983538201062
MRT,1337,72,0.558970563319622
MRT,1337,73,0.5589882223748737
MRT,1337,74,0.5591393011180906
MRT,1337,75,0.5588485645687892
MRT,1337,76,0.559156192094092
MRT,1337,77,0.5588981905744125
MREC,1337,1,0.6191875983195868
MREC,1337,2,0.5781268794751055
MREC,1337,3,0.5725885289468374
MREC,1337,4,0.5692959210816183
MREC,1337,5,0.5662716279722616
MREC,1337,6,0.564495774410299
MREC,1337,7,0.5635519591926937
MREC,1337,8,0.5614650750193145
MREC,1337,9,0.5605239710147679
MREC,1337,10,0.5600080307461677
MREC,1337,11,0.5582561933700277
MREC,1337,12,0.5581250644269494
MREC,1337,13,0.5566365123676159
MREC,1337,14,0.5564494868278023
MREC,1337,15,0.5558359258519863
MREC,1337,16,0.5553832255294356
MREC,1337,17,0.5553746731324629
MREC,1337,18,0.5553600812754916
MREC,1337,19,0.5549581704503582
MREC,1337,20,0.5546600761328111
MREC,1337,21,0.5543350759170477
MREC,1337,22,0.55219886732274
MREC,1337,23,0.5517968356983037
MREC,1337,24,0.5523986504272634
MREC,1337,25,0.5514201803020886
MREC,1337,26,0.5509818286638473
MREC,1337,27,0.5514398273125464
MREC,1337,28,0.55103772921356
MREC,1337,29,0.5502544667818288
MREC,1337,30,0.5500172102125083
MREC,1337,31,0.5502978794455176
MREC,1337,32,0.5494819278460312
MREC,1337,33,0.549837541896003
MREC,1337,34,0.5502644492694233
MREC,1337,35,0.5501672054512059
MREC,1337,36,0.5490591622441658
MREC,1337,37,0.5495086657530706
MREC,1337,38,0.5476361232659311
MREC,1337,39,0.5481689034077859
MREC,1337,40,0.5472328927327831
MREC,1337,41,0.5482526455120391
MREC,1337,42,0.5469930689859315
MREC,1337,43,0.5476646485934386
MREC,1337,44,0.5477792151658807
MREC,1337,45,0.5471437250092512
MREC,1337,46,0.5465977815845178
MREC,1337,47,0.5467432187535933
MREC,1337,48,0.546502896713668
MREC,1337,49,0.546368934418964
MREC,1337,50,0.5456383175136789
MREC,1337,51,0.5458418385575486
MREC,1337,52,0.5440940079697908
MREC,1337,53,0.5449256051502116
MREC,1337,54,0.5451976693694008
MREC,1337,55,0.5452430397672797
MREC,1337,56,0.5453082656434302
MREC,1337,57,0.5451735607918066
MREC,1337,58,0.5446749235291362
MREC,1337,59,0.5447905113648415
MREC,1337,60,0.5435632251398973
MREC,1337,61,0.5446605694576403
MREC,1337,62,0.5436935465224454
MREC,1337,63,0.5434151047789124
MREC,1337,64,0.5431164565818396
MREC,1337,65,0.5435285560083282
MREC,1337,66,0.5426877753341743
MREC,1337,67,0.5429285972870017
MREC,1337,68,0.5423544502343368
MREC,1337,69,0.5424801421566515
MREC,1337,70,0.5422451413100787
MREC,1337,71,0.5429869406265552
MREC,1337,72,0.5417073218698325
MREC,1337,73,0.5428502414097162
MREC,1337,74,0.5419507190048017
MREC,1337,75,0.5407486817086304
MREC,1337,76,0.5415969025706137
MREC,1337,77,0.543747041515002
MREC,1337,78,0.540969923231973
MREC,1337,79,0.5425866581586939
MREC,1337,80,0.5416629416174027
MREC,1337,81,0.5404993888403672
MREC,1337,82,0.5413216851322662
MREC,1337,83,0.5408951450510644
MREC,1337,84,0.5424613051246078
MREC,1337,85,0.5402223513931423
MREC,1337,86,0.5409739792085148
MREC,1337,87,0.5405654829656165
MREC,1337,88,0.5404998063790399
MREC,1337,89,0.5391108392057946
MREC,1337,90,0.5408185769507712
MREC,1337,91,0.5401633877779789
MREC,1337,92,0.5414612407519852
MREC,1337,93,0.5404524256208885
MREC,1337,94,0.5401044229019688
MREC,1337,95,0.5408354920299672
MREC,1337,96,0.540340658243687
MREC,1337,97,0.540664891164826
MREC,1337,98,0.5401539800660127
MREC,1337,99,0.5389550854219898
MREC,1337,100,0.5402202674606884
MREC,1337,101,0.5388015325986829
MREC,1337,102,0.5396750225319603
MREC,1337,103,0.5401187333382073
MREC,1337,104,0.5392592987945097
MREC,1337,105,0.5388201438313343
MREC,1337,106,0.5384465580024261
MREC,1337,107,0.538684151079031
MREC,1337,108,0.5400718125573912
MREC,1337,109,0.5378950290793056
MREC,1337,110,0.5393974484688037
MREC,1337,111,0.5399368667000974
MREC,1337,112,0.5385184184129534
MREC,1337,113,0.5393249581178657
MREC,1337,114,0.537228463936975
MREC,1337,115,0.5386528729153511
MREC,1337,116,0.5383238361013893
MREC,1337,117,0.5383042130275771
MREC,1337,118,0.537514025124728
MREC,1337,119,0.5374582486951839
MREC,1337,120,0.5374452851889738
MREC,1337,121,0.5375260738899382
MREC,1337,122,0.5380106581475644
MREC,1337,123,0.5375131452521286
MREC,1337,124,0.5368564312917053
MREC,1337,125,0.5369275200027247
MREC,1337,126,0.5370632094863854
MREC,1337,127,0.5375392239662301
MREC,1337,128,0.5362854818001153
MREC,1337,129,0.536569932749564
MREC,1337,130,0.5369434783227359
MREC,1337,131,0.5367349007847918
MREC,1337,132,0.535778967385619
MREC,1337,133,0.5357291976464394
MREC,1337,134,0.53732424035321
MREC,1337,135,0.5357566551180438
MREC,1337,136,0.5361446381031323
MREC,1337,137,0.5359536556176512
MREC,1337,138,0.5353288102092523
MREC,1337,139,0.5374775882076819
MREC,1337,140,0.5346819070546391
MREC,1337,141,0.5363820618700188
MREC,1337,142,0.5356326935877852
MREC,1337,143,0.5353616783944787
MREC,1337,144,0.5359472776370023
MREC,1337,145,0.5359670597030526
MREC,1337,146,0.5356006324353616
MREC,1337,147,0.5366565190917523
MREC,1337,148,0.5363059132008919
MREC,1337,149,0.5354248196758515
MREC,1337,150,0.5349938482480489
MREC,1337,151,0.5374965519034995
MFT,1337,1,0.6025188736577689
MFT,1337,2,0.5794687327601228
MFT,1337,3,0.5741467035714749
MFT,1337,4,0.571387995437529
MFT,1337,5,0.5707629530636313
MFT,1337,6,0.5685357520689651
MFT,1337,7,0.5679050148881075
MFT,1337,8,0.5668653284138307
MFT,1337,9,0.5658761840491446
MFT,1337,10,0.564913446988823
MFT,1337,11,0.5651613327783017
MFT,1337,12,0.5646388012057127
MFT,1337,13,0.5634155465159781
MFT,1337,14,0.5638610479876631
MFT,1337,15,0.5636685026791745
MFT,1337,16,0.5625019323055828
MFT,1337,17,0.5623747478302903
MFT,1337,18,0.5622160862391696
MFT,1337,19,0.5615328334304183
MFT,1337,20,0.5614727703779478
MFT,1337,21,0.5616971166937725
MFT,1337,22,0.5611850581273061
MFT,1337,23,0.5609501325227858
MFT,1337,24,0.5608513532017901
MFT,1337,25,0.5611461169559963
MFT,1337,26,0.5597140182572596
MFT,1337,27,0.5600249205215466
MFT,1337,28,0.5591844388159626
MFT,1337,29,0.5597916887259178
MFT,1337,30,0.5592379938828674
MFT,1337,31,0.5591686965375119
MFT,1337,32,0.559454589119761
MFT,1337,33,0.5593465032040904
MFT,1337,34,0.559273854580124
MFT,1337,35,0.5588620478630475
MFT,1337,36,0.5601562195565094
MFT,1337,37,0.5584372435555948
MFT,1337,38,0.5587731772594337
MFT,1337,39,0.5585985040044065
MFT,1337,40,0.5585159963278052
MFT,1337,41,0.558028971242752
MFT,1337,42,0.5581837402169919
MFT,1337,43,0.5579949640246883
MFT,1337,44,0.5581629055743818
MFT,1337,45,0.5578518319572614
MFT,1337,46,0.5575251805777989
MFT,1337,47,0.5576604823959321
MFT,1337,48,0.5577991173959255
MFT,1337,49,0.5573548611983725
MFT,1337,50,0.5575713731488939
MFT,1337,51,0.5569683106356935
MFT,1337,52,0.5573052651839181
MFT,1337,53,0.5571385340619989
MFT,1337,54,0.5574151038268472
MFT,1337,55,0.5571188690957312
MFT,1337,56,0.5570836711103575
MFT,1337,57,0.5568049766540956
MFT,1337,58,0.5569597928423625
MFT,1337,59,0.557004671123679
MFT,1337,60,0.5569687780409681
MFT,1337,61,0.5568930720347397
MFT,1337,62,0.5566524364982508
MFT,1337,63,0.5561001053224535
MFT,1337,64,0.5564184076785996
MFT,1337,65,0.5563559528470401
MFT,1337,66,0.5567857918792052
MFT,1337,67,0.5560543684468999
MFT,1337,68,0.5564123633744469
MFT,1337,69,0.5557437275560362
MFT,1337,70,0.5553390659885848
MFT,1337,71,0.5557725869921555
MFT,1337,72,0.5557683118520625
MFT,1337,73,0.5561954668387226
MFT,1337,74,0.5558082573529682
MFT,1337,75,0.5555708294509607
MFT,1337,76,0.5553986649114345
MFT,1337,77,0.5558013365501866
MFT,1337,78,0.5559364930673277
MFT,1337,79,0.5553766644935063
MFT,1337,80,0.555257326464914
MFT,1337,81,0.5551780264311895
MFT,1337,82,0.5737716409311927
M0,2024,1,0.5958512655370337
M0,2024,2,0.577556678332485
M0,2024,3,0.5733776721904783
M0,2024,4,0.5708669227707748
M0,2024,5,0.5693387530833854
M0,2024,6,0.5674570539389084
M0,2024,7,0.5667905587776584
M0,2024,8,0.5662804428864873
M0,2024,9,0.5646380186174959
M0,2024,10,0.5638056494396868
M0,2024,11,0.5629900869940229
M0,2024,12,0.5624124361054272
M0,2024,13,0.5623109718923981
M0,2024,14,0.5621540544478881
M0,2024,15,0.5609856356701421
M0,2024,16,0.5608273925334905
M0,2024,17,0.5600381006151088
M0,2024,18,0.5604925368977898
M0,2024,19,0.5602345836813105
M0,2024,20,0.5601179626224014
M0,2024,21,0.55943671128337
M0,2024,22,0.559271139826886
M0,2024,23,0.5591919527657775
M0,2024,24,0.5594023405360447
M0,2024,25,0.5591684585331198
M0,2024,26,0.5598909347640347
M0,2024,27,0.558231899670925
M0,2024,28,0.5584586930208953
M0,2024,29,0.5579155646471383
M0,2024,30,0.5583339716235483
M0,2024,31,0.5578515949113964
M0,2024,32,0.5584334624344837
M0,2024,33,0.5585528815033944
M0,2024,34,0.5577565101074754
M0,2024,35,0.558053464853421
M0,2024,36,0.5575950125551729
M0,2024,37,0.557422512224517
M0,2024,38,0.5572919704275701
M0,2024,39,0.5576429478679624
M0,2024,40,0.5570094917716032
M0,2024,41,0.5571211381855626
M0,2024,42,0.5575528298522222
M0,2024,43,0.5565860189325318
M0,2024,44,0.5573250710585423
M0,2024,45,0.5567759622880986
M0,2024,46,0.5564749119303666
M0,2024,47,0.5569066031899126
M0,2024,48,0.5567744811473555
M0,2024,49,0.5562442554707305
M0,2024,50,0.5564359007064603
M0,2024,51,0.5562021087605178
M0,2024,52,0.5562784568950696
M0,2024,53,0.5561514659753098
M0,2024,54,0.5566514924742395
M0,2024,55,0.5556105612000286
M0,2024,56,0.5558272299700714
M0,2024,57,0.5559465169131536
M0,2024,58,0.5562042338397271
M0,2024,59,0.5559126847325173
M0,2024,60,0.55612036926502
M0,2024,61,0.5556543247889154
M0,2024,62,0.5561209019859447
M0,2024,63,0.5559231027316918
M0,2024,64,0.5554505914322091
M0,2024,65,0.5552105844182103
M0,2024,66,0.5556844903939481
M0,2024,67,0.5552981008351654
M0,2024,68,0.5553554820403062
M0,2024,69,0.555792711938887
M0,2024,70,0.5557078140798847
M0,2024,71,0.5552085734156886
M0,2024,72,0.5555879127165074
M0,2024,73,0.555416478608769
M0,2024,74,0.5552948469163714
M0,2024,75,0.5554258291804657
M0,2024,76,0.5556130398589793
MRT,2024,1,0.5932617155753251
MRT,2024,2,0.5783055639924224
MRT,2024,3,0.574922537788539
MRT,2024,4,0.5725824169037166
MRT,2024,5,0.5709049602307827
MRT,2024,6,0.5697125497670774
MRT,2024,7,0.5686232347562454
MRT,2024,8,0.5678584187753704
MRT,2024,9,0.5672727362026222
MRT,2024,10,0.5668331722324388
MRT,2024,11,0.5670075565084106
MRT,2024,12,0.5661914982919891
MRT,2024,13,0.566003945472117
MRT,2024,14,0.5650853053232481
MRT,2024,15,0.565196231911105
MRT,2024,16,0.5651856270027348
MRT,2024,17,0.5646894889269976
MRT,2024,18,0.5643625734473086
MRT,2024,19,0.5644746632857609
MRT,2024,20,0.5639064685875943
MRT,2024,21,0.5635668372363628
MRT,2024,22,0.5634618828046688
MRT,2024,23,0.5632638478411925
MRT,2024,24,0.5633645572576867
MRT,2024,25,0.5627431237957579
MRT,2024,26,0.5632029730516737
MRT,2024,27,0.5630416805631764
MRT,2024,28,0.5626941563104129
MRT,2024,29,0.56240209001768
MRT,2024,30,0.5620665289027184
MRT,2024,31,0.5616919851407272
MRT,2024,32,0.5617613621325765
MRT,2024,33,0.5616304712640883
MRT,2024,34,0.5613537440845356
MRT,2024,35,0.560859144122825
MRT,2024,36,0.5612677888267675
MRT,2024,37,0.5611112668565482
MRT,2024,38,0.5611938273294986
MRT,2024,39,0.5605928631503689
MRT,2024,40,0.5607385439377325
MRT,2024,41,0.5608585880858008
MRT,2024,42,0.5605192081074992
MRT,2024,43,0.5608635458969242
MRT,2024,44,0.5602973980635275
MRT,2024,45,0.5601002003879972
MRT,2024,46,0.5602203922372908
MRT,2024,47,0.5601023855017309
MRT,2024,48,0.5600272942870471
MRT,2024,49,0.5597026444016729
MRT,2024,50,0.5603590271396612
MRT,2024,51,0.5597543049420642
MRT,2024,52,0.5594249118117892
MRT,2024,53,0.5598890532092002
MRT,2024,54,0.5599749913747498
MRT,2024,55,0.5593128328751739
MRT,2024,56,0.5591275141743293
MRT,2024,57,0.5589352891665771
MRT,2024,58,0.5588045073908308
MRT,2024,59,0.558657234809729
MRT,2024,60,0.5589035534001353
MRT,2024,61,0.5579401697731474
MRT,2024,62,0.5580197324724656
MRT,2024,63,0.5577912004795772
MRT,2024,64,0.5581381822824693
MRT,2024,65,0.5576439844669221
MRT,2024,66,0.5577126397050414
MRT,2024,67,0.5578216728703655
MRT,2024,68,0.5571395089689388
MRT,2024,69,0.5573139899638191
MRT,2024,70,0.5573793409780198
MRT,2024,71,0.5565398297915218
MRT,2024,72,0.5570322416709337
MRT,2024,73,0.556977676734052
MRT,2024,74,0.5569027439323284
MRT,2024,75,0.5570772622267092
MRT,2024,76,0.5568819483608842
MRT,2024,77,0.5565421743605787
MRT,2024,78,0.5562318571146597
MRT,2024,79,0.5562754269596455
MRT,2024,80,0.5565802443367762
MRT,2024,81,0.5558910648791331
MRT,2024,82,0.5563874253934189
MRT,2024,83,0.5557681457333479
MRT,2024,84,0.5569711488963567
MRT,2024,85,0.5559797871494748
MRT,2024,86,0.5560613647865332
MRT,2024,87,0.556151969234686
MRT,2024,88,0.5561075474561483
MRT,2024,89,0.5560447319607855
MRT,2024,90,0.5567802441608349
MRT,2024,91,0.5554535145906299
MRT,2024,92,0.555829251603362
MRT,2024,93,0.5558322403533265
MRT,2024,94,0.5558114936120443
MRT,2024,95,0.5560476222467904
MRT,2024,96,0.5555008743765288
MRT,2024,97,0.555512956851407
MRT,2024,98,0.556021836401034
MRT,2024,99,0.5555753405189626
MRT,2024,100,0.5559712041310729
MRT,2024,101,0.5557034089274773
MRT,2024,102,0.5557344776787061
MREC,2024,1,0.598918689593352
MREC,2024,2,0.5765450747916672
MREC,2024,3,0.5716712300742566
MREC,2024,4,0.5683628562602148
MREC,2024,5,0.5655139386042393
MREC,2024,6,0.5639114764489285
MREC,2024,7,0.5621756427996866
MREC,2024,8,0.5609209783373975
MREC,2024,9,0.5599857125143205
MREC,2024,10,0.5593168443634734
MREC,2024,11,0.558255810606529
MREC,2024,12,0.5573053698798324
MREC,2024,13,0.5571373846348465
MREC,2024,14,0.5563065114406396
MREC,2024,15,0.5558900798652269
MREC,2024,16,0.5550056727223323
MREC,2024,17,0.5550050833542411
MREC,2024,18,0.5551703326947637
MREC,2024,19,0.5554336675135363
MREC,2024,20,0.5536084362821261
MREC,2024,21,0.5536269680198304
MREC,2024,22,0.5520583452512007
MREC,2024,23,0.5532956472191742
MREC,2024,24,0.5522595664668867
MREC,2024,25,0.5516421761003105
MREC,2024,26,0.5515720859897267
MREC,2024,27,0.550989139378529
MREC,2024,28,0.5512569930179416
MREC,2024,29,0.5498739396352738
MREC,2024,30,0.5502248115194175
MREC,2024,31,0.5495206164027295
MREC,2024,32,0.5493642020323943
MREC,2024,33,0.5498970409459399
MREC,2024,34,0.5490547420334074
MREC,2024,35,0.549258565192724
MREC,2024,36,0.5478657766695957
MREC,2024,37,0.5486600307291396
MREC,2024,38,0.5477964254806769
MREC,2024,39,0.5475905573919072
MREC,2024,40,0.5476011387471788
MREC,2024,41,0.5467070883854863
MREC,2024,42,0.5480391779092263
MREC,2024,43,0.5469135824151722
MREC,2024,44,0.5474153574837464
MREC,2024,45,0.5464530120908138
MREC,2024,46,0.5457565613510442
MREC,2024,47,0.5469159541909172
MREC,2024,48,0.5467149266538217
MREC,2024,49,0.5462302058067952
MREC,2024,50,0.5471367788175417
MREC,2024,51,0.5452003059485979
MREC,2024,52,0.5454785878207637
MREC,2024,53,0.546090331335861
MREC,2024,54,0.5449737616673976
MREC,2024,55,0.5457803426495554
MREC,2024,56,0.5444985760794422
MREC,2024,57,0.5446506802825892
MREC,2024,58,0.5436832192153535
MREC,2024,59,0.5446865240050519
MREC,2024,60,0.544516892183917
MREC,2024,61,0.5444119742170361
MREC,2024,62,0.5450966223378954
MREC,2024,63,0.5438288226834712
MREC,2024,64,0.5431719341931345
MREC,2024,65,0.5437846961654741
MREC,2024,66,0.543372401628384
MREC,2024,67,0.545040617756326
MREC,2024,68,0.5433664718095685
MREC,2024,69,0.5436533344907507
MREC,2024,70,0.5439913709675243
MREC,2024,71,0.5421076729806854
MREC,2024,72,0.5425117774271435
MREC,2024,73,0.5424606965458898
MREC,2024,74,0.5425202942278314
MREC,2024,75,0.5420403517341372
MREC,2024,76,0.5416512414358292
MREC,2024,77,0.5413298050460479
MREC,2024,78,0.5421945895402397
MREC,2024,79,0.541926453659302
MREC,2024,80,0.5427332246817748
MREC,2024,81,0.5412506647297273
MREC,2024,82,0.5405735379485764
MREC,2024,83,0.5402928451145421
MREC,2024,84,0.541590239971598
MREC,2024,85,0.5413952034130091
MREC,2024,86,0.5416288453560415
MREC,2024,87,0.5405475274609907
MREC,2024,88,0.5398683450409704
MREC,2024,89,0.540566804467941
MREC,2024,90,0.5393965604525371
MREC,2024,91,0.5397209723100991
MREC,2024,92,0.5389670279585898
MREC,2024,93,0.5412259381357577
MREC,2024,94,0.5388523168967918
MREC,2024,95,0.5391698486383334
MREC,2024,96,0.5399007617465861
MREC,2024,97,0.5382293507740664
MREC,2024,98,0.5385855333300164
MREC,2024,99,0.5394797843281107
MREC,2024,100,0.5388116613828546
MREC,2024,101,0.5380788519638765
MREC,2024,102,0.5378134746101142
MREC,2024,103,0.5405586262630961
MREC,2024,104,0.5383113426786328
MREC,2024,105,0.5380747447214125
MREC,2024,106,0.5394055846073901
MREC,2024,107,0.5370466560936257
MREC,2024,108,0.5387474583746482
MREC,2024,109,0.5372649092058683
MREC,2024,110,0.5370588031517497
MREC,2024,111,0.5370312568613208
MREC,2024,112,0.5374043664484865
MREC,2024,113,0.5365211934221509
MREC,2024,114,0.5373516295623504
MREC,2024,115,0.5387125842133302
MREC,2024,116,0.5388714889601902
MREC,2024,117,0.5362085176707466
MREC,2024,118,0.536172802643799
MREC,2024,119,0.5371177145914218
MREC,2024,120,0.5367513354926076
MREC,2024,121,0.5365018390510958
MREC,2024,122,0.5364077349026083
MREC,2024,123,0.5360693449864481
MREC,2024,124,0.5367385495316025
MREC,2024,125,0.5357890586844629
MREC,2024,126,0.5359542169652008
MREC,2024,127,0.5360642259485174
MREC,2024,128,0.5363171020054498
MREC,2024,129,0.5373021839331159
MREC,2024,130,0.5355773198752518
MREC,2024,131,0.5356065831703073
MREC,2024,132,0.5346109342320396
MREC,2024,133,0.5364074458132844
MREC,2024,134,0.5353494263085142
MREC,2024,135,0.5355486297321854
MREC,2024,136,0.536232020486172
MREC,2024,137,0.5344229923173935
MREC,2024,138,0.5352650809284126
MREC,2024,139,0.5362425524017309
MREC,2024,140,0.5349261571030687
MREC,2024,141,0.5345709326860529
MREC,2024,142,0.535762337352881
MREC,2024,143,0.5378443704995323
MREC,2024,144,0.5345992214742264
MREC,2024,145,0.5341885109273734
MREC,2024,146,0.5335197448269805
MREC,2024,147,0.5350550500406394
MREC,2024,148,0.5339590491620421
MREC,2024,149,0.5338546048912903
MREC,2024,150,0.5340514571745184
MREC,2024,151,0.533000303373999
MREC,2024,152,0.5347086554752696
MREC,2024,153,0.5349389781894429
MREC,2024,154,0.5337067831602033
MREC,2024,155,0.5339213520194667
MREC,2024,156,0.5344222007792098
MREC,2024,157,0.5336150686786267
MREC,2024,158,0.5333576158044129
MREC,2024,159,0.5338689354439163
MREC,2024,160,0.532303528579912
MREC,2024,161,0.5337049733176469
MREC,2024,162,0.5329302375163595
MREC,2024,163,0.5336846676095363
MREC,2024,164,0.5329739117711212
MREC,2024,165,0.5332600684012294
MREC,2024,166,0.5328720579295003
MREC,2024,167,0.5341999980538867
MREC,2024,168,0.5341746428197856
MREC,2024,169,0.5330607701488389
MREC,2024,170,0.5330111940150953
MREC,2024,171,0.5331792554244394
MFT,2024,1,0.5958512655370337
MFT,2024,2,0.577556678332485
MFT,2024,3,0.5733776721904783
MFT,2024,4,0.5708669227707748
MFT,2024,5,0.5693387530833854
MFT,2024,6,0.5674570539389084
MFT,2024,7,0.5667905587776584
MFT,2024,8,0.5662804428864873
MFT,2024,9,0.5646380186174959
MFT,2024,10,0.5638056494396868
MFT,2024,11,0.5629900869940229
MFT,2024,12,0.5624124361054272
MFT,2024,13,0.5623109718923981
MFT,2024,14,0.5621540544478881
MFT,2024,15,0.5609856356701421
MFT,2024,16,0.5608273925334905
MFT,2024,17,0.5600381006151088
MFT,2024,18,0.5604925368977898
MFT,2024,19,0.5602345836813105
MFT,2024,20,0.5601179626224014
MFT,2024,21,0.55943671128337
MFT,2024,22,0.559271139826886
MFT,2024,23,0.5591919527657775
MFT,2024,24,0.5594023405360447
MFT,2024,25,0.5591684585331198
MFT,2024,26,0.5598909347640347
MFT,2024,27,0.558231899670925
MFT,2024,28,0.5584586930208953
MFT,2024,29,0.5579155646471383
MFT,2024,30,0.5583339716235483
MFT,2024,31,0.5578515949113964
MFT,2024,32,0.5584334624344837
MFT,2024,33,0.5585528815033944
MFT,2024,34,0.5577565101074754
MFT,2024,35,0.558053464853421
MFT,2024,36,0.5575950125551729
MFT,2024,37,0.557422512224517
MFT,2024,38,0.5572919704275701
MFT,2024,39,0.5576429478679624
MFT,2024,40,0.5570094917716032
MFT,2024,41,0.5571211381855626
MFT,2024,42,0.5575528298522222
MFT,2024,43,0.5565860189325318
MFT,2024,44,0.5573250710585423
MFT,2024,45,0.5567759622880986
MFT,2024,46,0.5564749119303666
MFT,2024,47,0.5569066031899126
MFT,2024,48,0.5567744811473555
MFT,2024,49,0.5562442554707305
MFT,2024,50,0.5564359007064603
MFT,2024,51,0.5562021087605178
MFT,2024,52,0.5562784568950696
MFT,2024,53,0.5561514659753098
MFT,2024,54,0.5566514924742395
MFT,2024,55,0.5556105612000286
MFT,2024,56,0.5558272299700714
MFT,2024,57,0.5559465169131536
MFT,2024,58,0.5562042338397271
MFT,2024,59,0.5559126847325173
MFT,2024,60,0.55612036926502
MFT,2024,61,0.5556543247889154
MFT,2024,62,0.5561209019859447
MFT,2024,63,0.5559231027316918
MFT,2024,64,0.5554505914322091
MFT,2024,65,0.5552105844182103
MFT,2024,66,0.5556844903939481
MFT,2024,67,0.5552981008351654
MFT,2024,68,0.5553554820403062
MFT,2024,69,0.555792711938887
MFT,2024,70,0.5557078140798847
MFT,2024,71,0.5552085734156886
MFT,2024,72,0.5555879127165074
MFT,2024,73,0.555416478608769
MFT,2024,74,0.5552948469163714
MFT,2024,75,0.5554258291804657
MFT,2024,76,0.5556130398589793
MFT,2024,77,0.5755367267118474
