modelo,seed,corte,grupo,n,positivos,mcc,f1,precision,recall,pr_auc,roc_auc,accuracy,tn,fp,fn,tp
GB,42,faixa_rank,1-10,1420,301,0.17592005218670942,0.26450116009280744,0.43846153846153846,0.1893687707641196,0.36266047958029296,0.6888967071335049,0.7767605633802817,1046,73,244,57
GB,42,faixa_rank,11-40,4260,1341,0.2010110757927891,0.4289195775792039,0.47100802854594115,0.39373601789709173,0.4727703267515062,0.6672308685490086,0.6699530516431925,2326,593,813,528
GB,42,faixa_rank,41-100,8520,2927,0.18165013266051858,0.47947402180885185,0.4517981263221517,0.5107618722241203,0.47549268200962486,0.6449936719303151,0.6190140845070422,3779,1814,1432,1495
GB,42,tempo_parada,1-4,4922,1261,0.3787236525591315,0.5596439169139465,0.447131341868184,0.7478191911181602,0.47884592632990114,0.7708264513472375,0.6984965461194637,2495,1166,318,943
GB,42,tempo_parada,5-12,4072,1537,0.14657083387195174,0.5041726618705036,0.4520123839009288,0.5699414443721535,0.4718512367827072,0.6145773099829454,0.5768664047151277,1473,1062,661,876
GB,42,tempo_parada,13+,5206,1771,0.1176495738848837,0.22854640980735552,0.5087719298245614,0.14737436476566912,0.46043082002120195,0.6020826398460726,0.6615443718786016,3183,252,1510,261
GB,42,trimestre,2023Q4,200,77,0.32759152153527116,0.5897435897435898,0.5822784810126582,0.5974025974025974,0.5882030938720069,0.6860943934114665,0.68,90,33,31,46
GB,42,trimestre,2024Q1,1300,424,0.15731255992208776,0.45266594124047876,0.4202020202020202,0.49056603773584906,0.47133482130434434,0.6427048332902559,0.6130769230769231,589,287,216,208
GB,42,trimestre,2024Q2,1300,382,0.22359662576534145,0.4438430311231394,0.45938375350140054,0.4293193717277487,0.4700995701300753,0.7111179550354174,0.6838461538461539,725,193,218,164
GB,42,trimestre,2024Q3,1300,374,0.12943327269166136,0.3954943679599499,0.37176470588235294,0.42245989304812837,0.38694585122855996,0.6327528557073723,0.6284615384615385,659,267,216,158
GB,42,trimestre,2024Q4,1300,404,0.24683420924326768,0.47388535031847134,0.4881889763779528,0.4603960396039604,0.46394026724731247,0.6656454428925036,0.6823076923076923,701,195,218,186
GB,42,trimestre,2025Q1,1300,418,0.13777681909437325,0.39011703511053314,0.42735042735042733,0.3588516746411483,0.4416011468658786,0.6019485944297974,0.6392307692307693,681,201,268,150
GB,42,trimestre,2025Q2,1300,427,0.24349639994664368,0.4836759371221282,0.5,0.468384074941452,0.4896066167197295,0.6851056010258308,0.6715384615384615,673,200,227,200
GB,42,trimestre,2025Q3,1300,428,0.19641120378402596,0.46490218642117376,0.4580498866213152,0.4719626168224299,0.47313354876919267,0.6555814863242734,0.6423076923076924,633,239,226,202
GB,42,trimestre,2025Q4,1400,492,0.33655069986234276,0.5836501901140685,0.5482142857142858,0.6239837398373984,0.5942593758299062,0.7346296246552774,0.6871428571428572,655,253,185,307
GB,42,trimestre,2026Q1,1200,352,0.13196320690415905,0.38873239436619716,0.3854748603351955,0.39204545454545453,0.38841900529816226,0.6098339676243567,0.6383333333333333,628,220,214,138
GB,42,trimestre,2026Q2,1300,447,0.1284758838243306,0.4024242424242424,0.43915343915343913,0.3713646532438479,0.4500443597894888,0.6614632918164867,0.6207692307692307,641,212,281,166
GB,42,trimestre,2026Q3,1000,344,0.1773299160961629,0.4565537555228277,0.4626865671641791,0.45058139534883723,0.4540161017820342,0.6495586358479863,0.631,476,180,189,155
GB,42,estreia,0,12238,4192,0.1798515391266631,0.45139829986448193,0.4667515923566879,0.43702290076335876,0.4721754277705305,0.6404051584116521,0.6361333551233862,5953,2093,2360,1832
GB,42,estreia,1,1962,377,0.34834329251014173,0.4901185770750988,0.3905511811023622,0.6578249336870027,0.4349673576803995,0.7737634822481989,0.7370030581039755,1198,387,129,248
GB,42,reentrada,0,13895,4455,0.19581276663886524,0.4515106936743239,0.45527156549520764,0.4478114478114478,0.46309697948793593,0.6603688247826667,0.6511694854264124,7053,2387,2460,1995
GB,42,reentrada,1,305,114,0.2538977079459493,0.5821917808219178,0.47752808988764045,0.7456140350877193,0.5606915425253554,0.6853357215027096,0.6,98,93,29,85
GB,42,radio_presente,0,8344,2449,0.2230299508384453,0.4675716440422323,0.4343257443082312,0.5063291139240507,0.44532150795022674,0.6797079765641477,0.6615532118887824,4280,1615,1209,1240
GB,42,radio_presente,1,5856,2120,0.17422648913043765,0.4392156862745098,0.49266862170087977,0.39622641509433965,0.4947678647268917,0.6381609581431053,0.6337090163934426,2871,865,1280,840
GB,42,streaming_presente,0,8232,2883,0.16347291679340303,0.47056883759274526,0.4484600879949717,0.49497051682275406,0.4721807932697815,0.629109716534423,0.6099368318756074,3594,1755,1456,1427
GB,42,streaming_presente,1,5968,1686,0.23289779081023393,0.4262402088772846,0.47387518142235124,0.38730723606168443,0.4625433139195729,0.6980652409628875,0.7054289544235925,3557,725,1033,653
GB,42,digital_presente,0,11735,3843,0.19445981576875762,0.4602272727272727,0.4568059471930274,0.4637002341920375,0.4659106518133125,0.6567752612387977,0.643800596506178,5773,2119,2061,1782
GB,42,digital_presente,1,2465,726,0.20895412129884255,0.43032490974729243,0.45220030349013657,0.41046831955922863,0.46434715793831904,0.6798035506932993,0.6799188640973631,1378,361,428,298
GB,42,album_presente,0,5870,2062,0.16506203821889306,0.4836716681376876,0.4437246963562753,0.5315227934044617,0.4713282719332025,0.6188811879019309,0.6013628620102215,2434,1374,966,1096
GB,42,album_presente,1,8330,2507,0.21431301332717106,0.4281052860561236,0.47081339712918663,0.3925009972078181,0.4646412609834117,0.6902269386744079,0.6843937575030012,4717,1106,1523,984
GB,1337,faixa_rank,1-10,1420,301,0.17592005218670942,0.26450116009280744,0.43846153846153846,0.1893687707641196,0.36266047958029296,0.6888967071335049,0.7767605633802817,1046,73,244,57
GB,1337,faixa_rank,11-40,4260,1341,0.2010110757927891,0.4289195775792039,0.47100802854594115,0.39373601789709173,0.4727703267515062,0.6672308685490086,0.6699530516431925,2326,593,813,528
GB,1337,faixa_rank,41-100,8520,2927,0.18165013266051858,0.47947402180885185,0.4517981263221517,0.5107618722241203,0.47549268200962486,0.6449936719303151,0.6190140845070422,3779,1814,1432,1495
GB,1337,tempo_parada,1-4,4922,1261,0.3787236525591315,0.5596439169139465,0.447131341868184,0.7478191911181602,0.47884592632990114,0.7708264513472375,0.6984965461194637,2495,1166,318,943
GB,1337,tempo_parada,5-12,4072,1537,0.14657083387195174,0.5041726618705036,0.4520123839009288,0.5699414443721535,0.4718512367827072,0.6145773099829454,0.5768664047151277,1473,1062,661,876
GB,1337,tempo_parada,13+,5206,1771,0.1176495738848837,0.22854640980735552,0.5087719298245614,0.14737436476566912,0.46043082002120195,0.6020826398460726,0.6615443718786016,3183,252,1510,261
GB,1337,trimestre,2023Q4,200,77,0.32759152153527116,0.5897435897435898,0.5822784810126582,0.5974025974025974,0.5882030938720069,0.6860943934114665,0.68,90,33,31,46
GB,1337,trimestre,2024Q1,1300,424,0.15731255992208776,0.45266594124047876,0.4202020202020202,0.49056603773584906,0.47133482130434434,0.6427048332902559,0.6130769230769231,589,287,216,208
GB,1337,trimestre,2024Q2,1300,382,0.22359662576534145,0.4438430311231394,0.45938375350140054,0.4293193717277487,0.4700995701300753,0.7111179550354174,0.6838461538461539,725,193,218,164
GB,1337,trimestre,2024Q3,1300,374,0.12943327269166136,0.3954943679599499,0.37176470588235294,0.42245989304812837,0.38694585122855996,0.6327528557073723,0.6284615384615385,659,267,216,158
GB,1337,trimestre,2024Q4,1300,404,0.24683420924326768,0.47388535031847134,0.4881889763779528,0.4603960396039604,0.46394026724731247,0.6656454428925036,0.6823076923076923,701,195,218,186
GB,1337,trimestre,2025Q1,1300,418,0.13777681909437325,0.39011703511053314,0.42735042735042733,0.3588516746411483,0.4416011468658786,0.6019485944297974,0.6392307692307693,681,201,268,150
GB,1337,trimestre,2025Q2,1300,427,0.24349639994664368,0.4836759371221282,0.5,0.468384074941452,0.4896066167197295,0.6851056010258308,0.6715384615384615,673,200,227,200
GB,1337,trimestre,2025Q3,1300,428,0.19641120378402596,0.46490218642117376,0.4580498866213152,0.4719626168224299,0.47313354876919267,0.6555814863242734,0.6423076923076924,633,239,226,202
GB,1337,trimestre,2025Q4,1400,492,0.33655069986234276,0.5836501901140685,0.5482142857142858,0.6239837398373984,0.5942593758299062,0.7346296246552774,0.6871428571428572,655,253,185,307
GB,1337,trimestre,2026Q1,1200,352,0.13196320690415905,0.38873239436619716,0.3854748603351955,0.39204545454545453,0.38841900529816226,0.6098339676243567,0.6383333333333333,628,220,214,138
GB,1337,trimestre,2026Q2,1300,447,0.1284758838243306,0.4024242424242424,0.43915343915343913,0.3713646532438479,0.4500443597894888,0.6614632918164867,0.6207692307692307,641,212,281,166
GB,1337,trimestre,2026Q3,1000,344,0.1773299160961629,0.4565537555228277,0.4626865671641791,0.45058139534883723,0.4540161017820342,0.6495586358479863,0.631,476,180,189,155
GB,1337,estreia,0,12238,4192,0.1798515391266631,0.45139829986448193,0.4667515923566879,0.43702290076335876,0.4721754277705305,0.6404051584116521,0.6361333551233862,5953,2093,2360,1832
GB,1337,estreia,1,1962,377,0.34834329251014173,0.4901185770750988,0.3905511811023622,0.6578249336870027,0.4349673576803995,0.7737634822481989,0.7370030581039755,1198,387,129,248
GB,1337,reentrada,0,13895,4455,0.19581276663886524,0.4515106936743239,0.45527156549520764,0.4478114478114478,0.46309697948793593,0.6603688247826667,0.6511694854264124,7053,2387,2460,1995
GB,1337,reentrada,1,305,114,0.2538977079459493,0.5821917808219178,0.47752808988764045,0.7456140350877193,0.5606915425253554,0.6853357215027096,0.6,98,93,29,85
GB,1337,radio_presente,0,8344,2449,0.2230299508384453,0.4675716440422323,0.4343257443082312,0.5063291139240507,0.44532150795022674,0.6797079765641477,0.6615532118887824,4280,1615,1209,1240
GB,1337,radio_presente,1,5856,2120,0.17422648913043765,0.4392156862745098,0.49266862170087977,0.39622641509433965,0.4947678647268917,0.6381609581431053,0.6337090163934426,2871,865,1280,840
GB,1337,streaming_presente,0,8232,2883,0.16347291679340303,0.47056883759274526,0.4484600879949717,0.49497051682275406,0.4721807932697815,0.629109716534423,0.6099368318756074,3594,1755,1456,1427
GB,1337,streaming_presente,1,5968,1686,0.23289779081023393,0.4262402088772846,0.47387518142235124,0.38730723606168443,0.4625433139195729,0.6980652409628875,0.7054289544235925,3557,725,1033,653
GB,1337,digital_presente,0,11735,3843,0.19445981576875762,0.4602272727272727,0.4568059471930274,0.4637002341920375,0.4659106518133125,0.6567752612387977,0.643800596506178,5773,2119,2061,1782
GB,1337,digital_presente,1,2465,726,0.20895412129884255,0.43032490974729243,0.45220030349013657,0.41046831955922863,0.46434715793831904,0.6798035506932993,0.6799188640973631,1378,361,428,298
GB,1337,album_presente,0,5870,2062,0.16506203821889306,0.4836716681376876,0.4437246963562753,0.5315227934044617,0.4713282719332025,0.6188811879019309,0.6013628620102215,2434,1374,966,1096
GB,1337,album_presente,1,8330,2507,0.21431301332717106,0.4281052860561236,0.47081339712918663,0.3925009972078181,0.4646412609834117,0.6902269386744079,0.6843937575030012,4717,1106,1523,984
GB,2024,faixa_rank,1-10,1420,301,0.17592005218670942,0.26450116009280744,0.43846153846153846,0.1893687707641196,0.36266047958029296,0.6888967071335049,0.7767605633802817,1046,73,244,57
GB,2024,faixa_rank,11-40,4260,1341,0.2010110757927891,0.4289195775792039,0.47100802854594115,0.39373601789709173,0.4727703267515062,0.6672308685490086,0.6699530516431925,2326,593,813,528
GB,2024,faixa_rank,41-100,8520,2927,0.18165013266051858,0.47947402180885185,0.4517981263221517,0.5107618722241203,0.47549268200962486,0.6449936719303151,0.6190140845070422,3779,1814,1432,1495
GB,2024,tempo_parada,1-4,4922,1261,0.3787236525591315,0.5596439169139465,0.447131341868184,0.7478191911181602,0.47884592632990114,0.7708264513472375,0.6984965461194637,2495,1166,318,943
GB,2024,tempo_parada,5-12,4072,1537,0.14657083387195174,0.5041726618705036,0.4520123839009288,0.5699414443721535,0.4718512367827072,0.6145773099829454,0.5768664047151277,1473,1062,661,876
GB,2024,tempo_parada,13+,5206,1771,0.1176495738848837,0.22854640980735552,0.5087719298245614,0.14737436476566912,0.46043082002120195,0.6020826398460726,0.6615443718786016,3183,252,1510,261
GB,2024,trimestre,2023Q4,200,77,0.32759152153527116,0.5897435897435898,0.5822784810126582,0.5974025974025974,0.5882030938720069,0.6860943934114665,0.68,90,33,31,46
GB,2024,trimestre,2024Q1,1300,424,0.15731255992208776,0.45266594124047876,0.4202020202020202,0.49056603773584906,0.47133482130434434,0.6427048332902559,0.6130769230769231,589,287,216,208
GB,2024,trimestre,2024Q2,1300,382,0.22359662576534145,0.4438430311231394,0.45938375350140054,0.4293193717277487,0.4700995701300753,0.7111179550354174,0.6838461538461539,725,193,218,164
GB,2024,trimestre,2024Q3,1300,374,0.12943327269166136,0.3954943679599499,0.37176470588235294,0.42245989304812837,0.38694585122855996,0.6327528557073723,0.6284615384615385,659,267,216,158
GB,2024,trimestre,2024Q4,1300,404,0.24683420924326768,0.47388535031847134,0.4881889763779528,0.4603960396039604,0.46394026724731247,0.6656454428925036,0.6823076923076923,701,195,218,186
GB,2024,trimestre,2025Q1,1300,418,0.13777681909437325,0.39011703511053314,0.42735042735042733,0.3588516746411483,0.4416011468658786,0.6019485944297974,0.6392307692307693,681,201,268,150
GB,2024,trimestre,2025Q2,1300,427,0.24349639994664368,0.4836759371221282,0.5,0.468384074941452,0.4896066167197295,0.6851056010258308,0.6715384615384615,673,200,227,200
GB,2024,trimestre,2025Q3,1300,428,0.19641120378402596,0.46490218642117376,0.4580498866213152,0.4719626168224299,0.47313354876919267,0.6555814863242734,0.6423076923076924,633,239,226,202
GB,2024,trimestre,2025Q4,1400,492,0.33655069986234276,0.5836501901140685,0.5482142857142858,0.6239837398373984,0.5942593758299062,0.7346296246552774,0.6871428571428572,655,253,185,307
GB,2024,trimestre,2026Q1,1200,352,0.13196320690415905,0.38873239436619716,0.3854748603351955,0.39204545454545453,0.38841900529816226,0.6098339676243567,0.6383333333333333,628,220,214,138
GB,2024,trimestre,2026Q2,1300,447,0.1284758838243306,0.4024242424242424,0.43915343915343913,0.3713646532438479,0.4500443597894888,0.6614632918164867,0.6207692307692307,641,212,281,166
GB,2024,trimestre,2026Q3,1000,344,0.1773299160961629,0.4565537555228277,0.4626865671641791,0.45058139534883723,0.4540161017820342,0.6495586358479863,0.631,476,180,189,155
GB,2024,estreia,0,12238,4192,0.1798515391266631,0.45139829986448193,0.4667515923566879,0.43702290076335876,0.4721754277705305,0.6404051584116521,0.6361333551233862,5953,2093,2360,1832
GB,2024,estreia,1,1962,377,0.34834329251014173,0.4901185770750988,0.3905511811023622,0.6578249336870027,0.4349673576803995,0.7737634822481989,0.7370030581039755,1198,387,129,248
GB,2024,reentrada,0,13895,4455,0.19581276663886524,0.4515106936743239,0.45527156549520764,0.4478114478114478,0.46309697948793593,0.6603688247826667,0.6511694854264124,7053,2387,2460,1995
GB,2024,reentrada,1,305,114,0.2538977079459493,0.5821917808219178,0.47752808988764045,0.7456140350877193,0.5606915425253554,0.6853357215027096,0.6,98,93,29,85
GB,2024,radio_presente,0,8344,2449,0.2230299508384453,0.4675716440422323,0.4343257443082312,0.5063291139240507,0.44532150795022674,0.6797079765641477,0.6615532118887824,4280,1615,1209,1240
GB,2024,radio_presente,1,5856,2120,0.17422648913043765,0.4392156862745098,0.49266862170087977,0.39622641509433965,0.4947678647268917,0.6381609581431053,0.6337090163934426,2871,865,1280,840
GB,2024,streaming_presente,0,8232,2883,0.16347291679340303,0.47056883759274526,0.4484600879949717,0.49497051682275406,0.4721807932697815,0.629109716534423,0.6099368318756074,3594,1755,1456,1427
GB,2024,streaming_presente,1,5968,1686,0.23289779081023393,0.4262402088772846,0.47387518142235124,0.38730723606168443,0.4625433139195729,0.6980652409628875,0.7054289544235925,3557,725,1033,653
GB,2024,digital_presente,0,11735,3843,0.19445981576875762,0.4602272727272727,0.4568059471930274,0.4637002341920375,0.4659106518133125,0.6567752612387977,0.643800596506178,5773,2119,2061,1782
GB,2024,digital_presente,1,2465,726,0.20895412129884255,0.43032490974729243,0.45220030349013657,0.41046831955922863,0.46434715793831904,0.6798035506932993,0.6799188640973631,1378,361,428,298
GB,2024,album_presente,0,5870,2062,0.16506203821889306,0.4836716681376876,0.4437246963562753,0.5315227934044617,0.4713282719332025,0.6188811879019309,0.6013628620102215,2434,1374,966,1096
GB,2024,album_presente,1,8330,2507,0.21431301332717106,0.4281052860561236,0.47081339712918663,0.3925009972078181,0.4646412609834117,0.6902269386744079,0.6843937575030012,4717,1106,1523,984
LR,-1,faixa_rank,1-10,1420,301,-0.0364368443053039,0.04945054945054945,0.14285714285714285,0.029900332225913623,0.22090664453540979,0.5276275982055645,0.7563380281690141,1065,54,292,9
LR,-1,faixa_rank,11-40,4260,1341,0.07816462762032124,0.28773584905660377,0.39152759948652116,0.22744220730797912,0.36401260045960304,0.5753995716817406,0.6455399061032864,2445,474,1036,305
LR,-1,faixa_rank,41-100,8520,2927,0.14218359900774624,0.4515082711644502,0.42976227230626735,0.4755722582849334,0.4222634309312565,0.5879883592105437,0.6030516431924883,3746,1847,1535,1392
LR,-1,tempo_parada,1-4,4922,1261,0.2308000523811798,0.4552412645590682,0.3922018348623853,0.542426645519429,0.40196483279055517,0.6917634513088968,0.6674116212921577,2601,1060,577,684
LR,-1,tempo_parada,5-12,4072,1537,0.12933485460058325,0.47554598585050756,0.4509918319719953,0.5029277813923227,0.4502583178969828,0.5883710037356001,0.581286836935167,1594,941,764,773
LR,-1,tempo_parada,13+,5206,1771,0.046299674509864976,0.20802005012531327,0.3996789727126806,0.14059853190287974,0.3820237942796599,0.5475339798483903,0.6358048405685747,3061,374,1522,249
LR,-1,trimestre,2023Q4,200,77,0.21580989666029726,0.43548387096774194,0.574468085106383,0.35064935064935066,0.5205811060760781,0.6562137049941928,0.65,103,20,50,27
LR,-1,trimestre,2024Q1,1300,424,0.12427433942220689,0.4148319814600232,0.40774487471526194,0.4221698113207547,0.38945457499253755,0.5625161540449728,0.6115384615384616,616,260,245,179
LR,-1,trimestre,2024Q2,1300,382,0.1592051646456556,0.38764044943820225,0.41818181818181815,0.3612565445026178,0.41130372224236555,0.6052652590995677,0.6646153846153846,726,192,244,138
LR,-1,trimestre,2024Q3,1300,374,0.13742279950339767,0.3894736842105263,0.38341968911917096,0.39572192513368987,0.3824139644420419,0.6037583303496148,0.6430769230769231,688,238,226,148
LR,-1,trimestre,2024Q4,1300,404,0.06331984101444986,0.3023255813953488,0.36619718309859156,0.25742574257425743,0.3701423740462241,0.5867110148514851,0.6307692307692307,716,180,300,104
LR,-1,trimestre,2025Q1,1300,418,0.03160960148090483,0.32051282051282054,0.3453038674033149,0.29904306220095694,0.333261591931441,0.49568184530590553,0.5923076923076923,645,237,293,125
LR,-1,trimestre,2025Q2,1300,427,0.21131816437466036,0.4533001245330012,0.48404255319148937,0.4262295081967213,0.45327637698531825,0.6078128395180955,0.6623076923076923,679,194,245,182
LR,-1,trimestre,2025Q3,1300,428,0.15801924163162653,0.42246642246642246,0.4424552429667519,0.40420560747663553,0.4092414085709113,0.5857787447483496,0.6361538461538462,654,218,255,173
LR,-1,trimestre,2025Q4,1400,492,0.14836213213337862,0.4407484407484408,0.451063829787234,0.43089430894308944,0.4599215321094868,0.6381598975681386,0.6157142857142858,650,258,280,212
LR,-1,trimestre,2026Q1,1200,352,0.08492603317297971,0.35410764872521244,0.3531073446327684,0.35511363636363635,0.34801272889924323,0.5606473788593481,0.62,619,229,227,125
LR,-1,trimestre,2026Q2,1300,447,0.1320255022683242,0.39092055485498106,0.4479768786127168,0.34675615212527966,0.4066798877985618,0.5770054892457467,0.6284615384615385,662,191,292,155
LR,-1,trimestre,2026Q3,1000,344,0.16682349629801324,0.43125,0.46621621621621623,0.4011627906976744,0.4455360580500618,0.6199127906976744,0.636,498,158,206,138
LR,-1,estreia,0,12238,4192,0.11539879005367032,0.40625,0.4230371900826446,0.3907442748091603,0.4118102838743505,0.577086897049978,0.608759601242033,5812,2234,2554,1638
LR,-1,estreia,1,1962,377,0.1167417338749392,0.23208191126279865,0.3253588516746411,0.18037135278514588,0.3100978092977405,0.688626797981742,0.7706422018348624,1444,141,309,68
LR,-1,reentrada,0,13895,4455,0.13687816670047354,0.3956070192192909,0.42248852626211114,0.37194163860830526,0.40170444878575023,0.5892216539215127,0.6356243252968694,7175,2265,2798,1657
LR,-1,reentrada,1,305,114,-0.1414879876499453,0.358974358974359,0.3081761006289308,0.4298245614035088,0.36485708997946065,0.43767796454487,0.4262295081967213,81,110,65,49
LR,-1,radio_presente,0,8344,2449,0.1530778770853125,0.4052313883299799,0.3994446648155494,0.4111882400979992,0.38221605680949644,0.6065065763976988,0.6457334611697028,4381,1514,1442,1007
LR,-1,radio_presente,1,5856,2120,0.10790369194070142,0.3798913043478261,0.4480769230769231,0.3297169811320755,0.4293623379060185,0.5723440467051837,0.6103142076502732,2875,861,1421,699
LR,-1,streaming_presente,0,8232,2883,0.12485961338814996,0.4374575118966689,0.4288570476507831,0.4464099895941727,0.42296504949797264,0.5791650852364156,0.597910592808552,3635,1714,1596,1287
LR,-1,streaming_presente,1,5968,1686,0.11010203455004273,0.3029645697758496,0.38796296296296295,0.24851720047449585,0.34966144595270776,0.5890078637547559,0.6769436997319035,3621,661,1267,419
LR,-1,digital_presente,0,11735,3843,0.131572324563362,0.40309866811633593,0.42190611664295874,0.38589643507676297,0.40575473179493965,0.5894095563328985,0.6257349808265872,5860,2032,2360,1483
LR,-1,digital_presente,1,2465,726,0.11913378897226554,0.34520123839009287,0.39399293286219084,0.3071625344352617,0.3644771665709766,0.57223999100208,0.6567951318458418,1396,343,503,223
LR,-1,album_presente,0,5870,2062,0.12062972659819039,0.4399156711173577,0.42546443135478024,0.4553831231813773,0.4199690886309555,0.5815343444603835,0.5926746166950596,2540,1268,1123,939
LR,-1,album_presente,1,8330,2507,0.1272402274633968,0.35014836795252224,0.40928495197438636,0.3059433585959314,0.37838415335065434,0.581684695183899,0.6582232893157263,4716,1107,1740,767
M0,42,faixa_rank,1-10,1420,301,0.1064734548251833,0.10119047619047619,0.4857142857142857,0.05647840531561462,0.31246613618242935,0.6295220875306914,0.7873239436619718,1101,18,284,17
M0,42,faixa_rank,11-40,4260,1341,0.1546076891711621,0.3059548254620123,0.49093904448105435,0.2222222222222222,0.44270986512962024,0.6425440663768124,0.6826291079812207,2610,309,1043,298
M0,42,faixa_rank,41-100,8520,2927,0.16040819352480076,0.369579149754326,0.49315849486887114,0.29552442774171506,0.45619740980095097,0.6357421800433714,0.6536384976525822,4704,889,2062,865
M0,42,tempo_parada,1-4,4922,1261,0.3180089914437426,0.49369085173501576,0.49098039215686273,0.4964314036478985,0.4657612176474977,0.7562631037528044,0.7391304347826086,3012,649,635,626
M0,42,tempo_parada,5-12,4072,1537,0.12007928919735061,0.36861167002012074,0.4831223628691983,0.2979830839297333,0.466298581719177,0.5972563679084875,0.6146856581532416,2045,490,1079,458
M0,42,tempo_parada,13+,5206,1771,0.08402946188334022,0.09876543209876543,0.5549132947976878,0.05420666290231508,0.40670860381851864,0.5598008345682544,0.663465232424126,3358,77,1675,96
M0,42,trimestre,2023Q4,200,77,0.3012270672849451,0.496,0.6458333333333334,0.4025974025974026,0.6187721286182589,0.6926406926406926,0.685,106,17,46,31
M0,42,trimestre,2024Q1,1300,424,0.09453038707797831,0.2966360856269113,0.4217391304347826,0.22877358490566038,0.4089945787431413,0.6116836822607048,0.6461538461538462,743,133,327,97
M0,42,trimestre,2024Q2,1300,382,0.21109341524151853,0.36789297658862874,0.5092592592592593,0.2879581151832461,0.4611909585270945,0.6968683343028892,0.7092307692307692,812,106,272,110
M0,42,trimestre,2024Q3,1300,374,0.09373644848000996,0.2808798646362098,0.3824884792626728,0.22192513368983957,0.3524090232432233,0.6123716519790716,0.6730769230769231,792,134,291,83
M0,42,trimestre,2024Q4,1300,404,0.18275569161310776,0.3393739703459638,0.5073891625615764,0.25495049504950495,0.4576821265639322,0.6325611076732673,0.6915384615384615,796,100,301,103
M0,42,trimestre,2025Q1,1300,418,0.08641867211404951,0.25418060200668896,0.4222222222222222,0.18181818181818182,0.3916767808566908,0.5815892545215853,0.6569230769230769,778,104,342,76
M0,42,trimestre,2025Q2,1300,427,0.18339397239149927,0.3474178403755869,0.5235849056603774,0.25995316159250587,0.46939533131368605,0.6760182524928172,0.6792307692307692,772,101,316,111
M0,42,trimestre,2025Q3,1300,428,0.18437164078473386,0.3474178403755869,0.5260663507109005,0.25934579439252337,0.4524210893335799,0.6395947654977279,0.6792307692307692,772,100,317,111
M0,42,trimestre,2025Q4,1400,492,0.29025605460810455,0.4810744810744811,0.6024464831804281,0.40040650406504064,0.5748583237876109,0.7244166577128327,0.6964285714285714,778,130,295,197
M0,42,trimestre,2026Q1,1200,352,0.12995033714814666,0.3020257826887661,0.4293193717277487,0.23295454545454544,0.3672945697286154,0.6015759005145798,0.6841666666666667,739,109,270,82
M0,42,trimestre,2026Q2,1300,447,0.14757135878877337,0.3110419906687403,0.5102040816326531,0.22371364653243847,0.488392487229798,0.6659480554222366,0.6592307692307692,757,96,347,100
M0,42,trimestre,2026Q3,1000,344,0.12613001055873274,0.3104125736738703,0.47878787878787876,0.22965116279069767,0.4367202673691912,0.6052228091321611,0.649,570,86,265,79
M0,42,estreia,0,12238,4192,0.15105703925572112,0.3298076923076923,0.50244140625,0.24546755725190839,0.4515144623286437,0.6205708220195707,0.6582774963229285,7027,1019,3163,1029
M0,42,estreia,1,1962,377,0.2849252458796972,0.416551724137931,0.4339080459770115,0.4005305039787798,0.3944818982169339,0.7497150842195984,0.7844036697247706,1388,197,226,151
M0,42,reentrada,0,13895,4455,0.16142883260603466,0.33174791914387636,0.4909810822701276,0.2505050505050505,0.442664103147062,0.644502974661873,0.6764303706369198,8283,1157,3339,1116
M0,42,reentrada,1,305,114,0.24902753888032447,0.540084388185654,0.5203252032520326,0.5614035087719298,0.509585593251554,0.637549370809222,0.6426229508196721,132,59,50,64
M0,42,radio_presente,0,8344,2449,0.17047654459706654,0.32843791722296395,0.47453703703703703,0.25112290730910575,0.4252426231004579,0.6608995172425018,0.6985858101629914,5214,681,1834,615
M0,42,radio_presente,1,5856,2120,0.1517210633414778,0.35093167701863354,0.5136363636363637,0.2665094339622642,0.4663915453545925,0.6145360288473193,0.6431010928961749,3201,535,1555,565
M0,42,streaming_presente,0,8232,2883,0.1422227880474658,0.35051088405153263,0.4873378628783199,0.2736732570239334,0.4487781599201533,0.6166610153433913,0.6448007774538387,4519,830,2094,789
M0,42,streaming_presente,1,5968,1686,0.18966416322678248,0.3174989849776695,0.5032175032175032,0.23190984578884935,0.44106403641460146,0.6771466864798049,0.7183310991957105,3896,386,1295,391
M0,42,digital_presente,0,11735,3843,0.1614587390535794,0.3420516304347826,0.4924205378973105,0.2620348685922456,0.4463197688789172,0.6424533538180477,0.6698764380059651,6854,1038,2836,1007
M0,42,digital_presente,1,2465,726,0.17731326056461486,0.3212627669452182,0.4928774928774929,0.23829201101928374,0.4377797508602098,0.654105221803481,0.7034482758620689,1561,178,553,173
M0,42,album_presente,0,5870,2062,0.15052050978303116,0.37305389221556884,0.4874804381846635,0.3021338506304559,0.44956061309683365,0.6095739914540016,0.6432708688245315,3153,655,1439,623
M0,42,album_presente,1,8330,2507,0.169319138776141,0.3073103448275862,0.49821109123434704,0.2221779018747507,0.44149636673095816,0.6663499166099304,0.6985594237695077,5262,561,1950,557
M0,1337,faixa_rank,1-10,1420,301,0.002841794967874731,0.025078369905956112,0.2222222222222222,0.013289036544850499,0.2987114587911439,0.6295428702062532,0.7809859154929577,1105,14,297,4
M0,1337,faixa_rank,11-40,4260,1341,0.14368182383292494,0.263215859030837,0.5031578947368421,0.17822520507084266,0.4353540216878283,0.6383012477841312,0.6859154929577465,2683,236,1102,239
M0,1337,faixa_rank,41-100,8520,2927,0.1632397779820956,0.3907014681892333,0.4845725847243298,0.32729757430816536,0.4465546017527894,0.6184676707077659,0.6492957746478873,4574,1019,1969,958
M0,1337,tempo_parada,1-4,4922,1261,0.318454280375954,0.4965034965034965,0.48667174409748665,0.5067406819984139,0.4621664996568159,0.7548072455426933,0.73669240146282,2987,674,622,639
M0,1337,tempo_parada,5-12,4072,1537,0.11430061964428434,0.37128123760412535,0.47560975609756095,0.30448926480156147,0.4565290024514203,0.5858457842642818,0.6107563850687623,2019,516,1069,468
M0,1337,tempo_parada,13+,5206,1771,0.07950543693347473,0.09670781893004116,0.5433526011560693,0.05307735742518351,0.40941516638653846,0.5684603226657527,0.6626968882059162,3356,79,1677,94
M0,1337,trimestre,2023Q4,200,77,0.2581455761061374,0.42105263157894735,0.6486486486486487,0.3116883116883117,0.5981194006397921,0.693802132826523,0.67,110,13,53,24
M0,1337,trimestre,2024Q1,1300,424,0.11609591353571129,0.328928046989721,0.4357976653696498,0.2641509433962264,0.4194609395013923,0.6288473550443698,0.6484615384615384,731,145,312,112
M0,1337,trimestre,2024Q2,1300,382,0.17479908382848136,0.3411371237458194,0.4722222222222222,0.2670157068062827,0.4441620678713473,0.6578037846901413,0.696923076923077,804,114,280,102
M0,1337,trimestre,2024Q3,1300,374,0.1059011201166916,0.2905405405405405,0.3944954128440367,0.22994652406417113,0.35731836497589514,0.6078700869705825,0.676923076923077,794,132,288,86
M0,1337,trimestre,2024Q4,1300,404,0.16232545499421816,0.31186440677966104,0.4946236559139785,0.22772277227722773,0.44131541264529817,0.6226545924681754,0.6876923076923077,802,94,312,92
M0,1337,trimestre,2025Q1,1300,418,0.09372473459458618,0.26245847176079734,0.42934782608695654,0.18899521531100477,0.37969972500126836,0.5642325510746563,0.6584615384615384,777,105,339,79
M0,1337,trimestre,2025Q2,1300,427,0.19253792450409019,0.36585365853658536,0.5240174672489083,0.2810304449648712,0.47184602884175897,0.6604725152975954,0.68,764,109,307,120
M0,1337,trimestre,2025Q3,1300,428,0.20810345254781862,0.3755725190839695,0.5418502202643172,0.28738317757009346,0.4518335332820402,0.6273552044928407,0.6853846153846154,768,104,305,123
M0,1337,trimestre,2025Q4,1400,492,0.2589614874118389,0.457002457002457,0.577639751552795,0.3780487804878049,0.5423243762535812,0.7090227785537767,0.6842857142857143,772,136,306,186
M0,1337,trimestre,2026Q1,1200,352,0.13332064524286305,0.32098765432098764,0.4232558139534884,0.2585227272727273,0.36974238920902014,0.5913178066037735,0.6791666666666667,724,124,261,91
M0,1337,trimestre,2026Q2,1300,447,0.13642898554835442,0.3119266055045872,0.4927536231884058,0.22818791946308725,0.4632947453646439,0.6361912554977694,0.6538461538461539,748,105,345,102
M0,1337,trimestre,2026Q3,1000,344,0.1385163907245733,0.32558139534883723,0.4883720930232558,0.2441860465116279,0.43939070654428025,0.6017397546795236,0.652,568,88,260,84
M0,1337,estreia,0,12238,4192,0.14177707983774918,0.33165354330708663,0.4879518072289157,0.2511927480916031,0.44136608295904467,0.6090817494065611,0.6532113090374244,6941,1105,3139,1053
M0,1337,estreia,1,1962,377,0.31147163781757453,0.4296081277213353,0.47435897435897434,0.3925729442970822,0.4028384077198548,0.7484365194253153,0.7996941896024465,1421,164,229,148
M0,1337,reentrada,0,13895,4455,0.15403890601592418,0.3311764705882353,0.48017057569296373,0.2527497194163861,0.43162960716673504,0.630202127204246,0.6726880172724001,8221,1219,3329,1126
M0,1337,reentrada,1,305,114,0.3896715826391813,0.6276150627615062,0.6,0.6578947368421053,0.5636008788936315,0.7282079544410766,0.7081967213114754,141,50,39,75
M0,1337,radio_presente,0,8344,2449,0.17416308619325363,0.34139994795732503,0.47058823529411764,0.26786443446304614,0.42523283880104534,0.6516174402250351,0.6966682646212847,5157,738,1793,656
M0,1337,radio_presente,1,5856,2120,0.14263982614625811,0.34105131414267836,0.5065055762081785,0.25707547169811323,0.45724631639122937,0.610480258373399,0.6403688524590164,3205,531,1575,545
M0,1337,streaming_presente,0,8232,2883,0.14255962452067739,0.37217170649185877,0.47670639219934996,0.3052375997225113,0.4376192096878427,0.5954008214812796,0.6393343051506317,4383,966,2003,880
M0,1337,streaming_presente,1,5968,1686,0.17602209318036394,0.2779220779220779,0.5144230769230769,0.1903914590747331,0.4358797660874134,0.6726770951590232,0.7205093833780161,3979,303,1365,321
M0,1337,digital_presente,0,11735,3843,0.16183831860449302,0.34596597608219637,0.4904489016236867,0.2672391360915951,0.43607818772981854,0.6262615007255772,0.6691095014912655,6825,1067,2816,1027
M0,1337,digital_presente,1,2465,726,0.15658839608006994,0.3157894736842105,0.4627659574468085,0.2396694214876033,0.43273652299579324,0.6576940928971876,0.6941176470588235,1537,202,552,174
M0,1337,album_presente,0,5870,2062,0.14494295795262205,0.39137833238797504,0.4713114754098361,0.33462657613967023,0.439510935697334,0.6050735370530366,0.634412265758092,3034,774,1372,690
M0,1337,album_presente,1,8330,2507,0.1672524997265042,0.29091944207230286,0.5079522862823062,0.2038292780215397,0.4338901965474722,0.6454405767919891,0.7009603841536615,5328,495,1996,511
M0,2024,faixa_rank,1-10,1420,301,0.0744884785148794,0.11235955056179775,0.36363636363636365,0.0664451827242525,0.3086330378025862,0.6410267829308917,0.7774647887323943,1084,35,281,20
M0,2024,faixa_rank,11-40,4260,1341,0.14296916788005776,0.31106679960119643,0.4691729323308271,0.232662192393736,0.4283854017346085,0.6357028790518241,0.6755868544600939,2566,353,1029,312
M0,2024,faixa_rank,41-100,8520,2927,0.16000680042711204,0.3983303518187239,0.4762357414448669,0.34233003074820634,0.44638641222222664,0.620848569130565,0.6447183098591549,4491,1102,1925,1002
M0,2024,tempo_parada,1-4,4922,1261,0.304684207844228,0.49013657056145676,0.4698181818181818,0.5122918318794607,0.4492328050693477,0.7446957351650735,0.7269402681836652,2932,729,615,646
M0,2024,tempo_parada,5-12,4072,1537,0.10939243079152526,0.3918918918918919,0.4631765749778172,0.33962264150943394,0.4523297348188426,0.5812416667629119,0.6021611001964636,1930,605,1015,522
M0,2024,tempo_parada,13+,5206,1771,0.09503014895727208,0.15862398471094125,0.515527950310559,0.09373235460191982,0.4109414549356783,0.5611367684274462,0.661736457933154,3279,156,1605,166
M0,2024,trimestre,2023Q4,200,77,0.22473547780662198,0.4297520661157025,0.5909090909090909,0.33766233766233766,0.5629275471680113,0.6543131665082884,0.655,105,18,51,26
M0,2024,trimestre,2024Q1,1300,424,0.12185503618599353,0.36608344549125166,0.4263322884012539,0.32075471698113206,0.406885169465009,0.6082024855690531,0.6376923076923077,693,183,288,136
M0,2024,trimestre,2024Q2,1300,382,0.1828549057445714,0.371875,0.46124031007751937,0.31151832460732987,0.4371073783562341,0.6651495967787929,0.6907692307692308,779,139,263,119
M0,2024,trimestre,2024Q3,1300,374,0.1196824534559964,0.321656050955414,0.39763779527559057,0.2700534759358289,0.3624150468739693,0.6126892736281632,0.6723076923076923,773,153,273,101
M0,2024,trimestre,2024Q4,1300,404,0.14989666230869533,0.30220713073005095,0.4810810810810811,0.2202970297029703,0.42974264938235723,0.628301250884017,0.6838461538461539,800,96,315,89
M0,2024,trimestre,2025Q1,1300,418,0.10810898257368232,0.3125948406676783,0.42738589211618255,0.24641148325358853,0.38715785548643844,0.5681004459199949,0.6515384615384615,744,138,315,103
M0,2024,trimestre,2025Q2,1300,427,0.19081164076536317,0.38427947598253276,0.5076923076923077,0.3091334894613583,0.464061807528359,0.654420542370517,0.6746153846153846,745,128,295,132
M0,2024,trimestre,2025Q3,1300,428,0.18590784686343073,0.3838383838383838,0.5018867924528302,0.3107476635514019,0.4555116628804142,0.6416391580210925,0.6715384615384615,740,132,295,133
M0,2024,trimestre,2025Q4,1400,492,0.2751890199694987,0.4687116564417178,0.5913312693498453,0.3882113821138211,0.5518366308902306,0.7063411052612728,0.6907142857142857,776,132,301,191
M0,2024,trimestre,2026Q1,1200,352,0.12333101944258416,0.3247863247863248,0.40772532188841204,0.26988636363636365,0.37641001823631104,0.6111371676672385,0.6708333333333333,710,138,257,95
M0,2024,trimestre,2026Q2,1300,447,0.13564978271224742,0.33815028901734107,0.4775510204081633,0.26174496644295303,0.4577483523616899,0.6283861932224993,0.6476923076923077,725,128,330,117
M0,2024,trimestre,2026Q3,1000,344,0.12825291171039988,0.34011090573012936,0.467005076142132,0.26744186046511625,0.4384659609936875,0.6044561826432219,0.643,551,105,252,92
M0,2024,estreia,0,12238,4192,0.14578705665818184,0.358974358974359,0.4785373608903021,0.2872137404580153,0.4418378855747999,0.6087031119251328,0.64863539794084,6734,1312,2988,1204
M0,2024,estreia,1,1962,377,0.25183226884039317,0.3795620437956204,0.42207792207792205,0.3448275862068966,0.3744141636940009,0.7360140240483979,0.7833843017329256,1407,178,247,130
M0,2024,reentrada,0,13895,4455,0.15903793174579628,0.3588676103247294,0.47001090512540894,0.29023569023569024,0.43214167173409124,0.6309437715193364,0.6675062972292192,7982,1458,3162,1293
M0,2024,reentrada,1,305,114,0.21782781381161773,0.4385026737967914,0.5616438356164384,0.35964912280701755,0.5262266732363335,0.6765867548452282,0.6557377049180327,159,32,73,41
M0,2024,radio_presente,0,8344,2449,0.15976218906042924,0.33801378606076077,0.45095367847411444,0.2703144140465496,0.4101034521421211,0.642908341186498,0.6892377756471716,5089,806,1787,662
M0,2024,radio_presente,1,5856,2120,0.15254856306552045,0.3866513233601841,0.49557522123893805,0.3169811320754717,0.45932532571820145,0.6079799806068441,0.6359289617486339,3052,684,1448,672
M0,2024,streaming_presente,0,8232,2883,0.14508532935846438,0.3868059823806597,0.4724724724724725,0.3274366978841485,0.4401651497053425,0.6003149761623099,0.636418853255588,4295,1054,1939,944
M0,2024,streaming_presente,1,5968,1686,0.16882997288033602,0.3105095541401274,0.4721549636803874,0.2313167259786477,0.4243719871521102,0.6715235450003685,0.7097855227882037,3846,436,1296,390
M0,2024,digital_presente,0,11735,3843,0.15595933407052948,0.3613566950651021,0.4726661059714045,0.29247983346344003,0.43311630094901776,0.6270386788124194,0.6614401363442692,6638,1254,2719,1124
M0,2024,digital_presente,1,2465,726,0.18181138555972173,0.3583617747440273,0.47085201793721976,0.2892561983471074,0.43718923136401006,0.6572426127551853,0.6949290060851927,1503,236,516,210
M0,2024,album_presente,0,5870,2062,0.13664816207236874,0.39241917502787066,0.4613368283093054,0.3414161008729389,0.4436543242299243,0.6096423808369128,0.6286201022146508,2986,822,1358,704
M0,2024,album_presente,1,8330,2507,0.17272583540524328,0.3311432325886991,0.48536209553158705,0.25129637016354206,0.42640835222206364,0.6458298012345443,0.6944777911164466,5155,668,1877,630
MFT,42,faixa_rank,1-10,1420,301,0.07580414370121114,0.0783132530120482,0.41935483870967744,0.04318936877076412,0.31351830875268555,0.6473150267651171,0.7845070422535211,1101,18,288,13
MFT,42,faixa_rank,11-40,4260,1341,0.15256241697797243,0.31388329979879276,0.482225656877898,0.232662192393736,0.44287545388781785,0.6513523601061624,0.67981220657277,2584,335,1029,312
MFT,42,faixa_rank,41-100,8520,2927,0.17804671184094734,0.3926712471372059,0.5026652452025586,0.32217287324906047,0.47560867365726917,0.6591448288348626,0.6576291079812207,4660,933,1984,943
MFT,42,tempo_parada,1-4,4922,1261,0.28865355113430585,0.45528455284552843,0.4944237918215613,0.4218873909595559,0.472806545481766,0.7619751973401616,0.7413652986590816,3117,544,729,532
MFT,42,tempo_parada,5-12,4072,1537,0.14758763983891,0.4014029618082619,0.500485908649174,0.3350683148991542,0.47239558865875314,0.6038772731530851,0.6227897838899804,2021,514,1022,515
MFT,42,tempo_parada,13+,5206,1771,0.0985803273094722,0.1990990990990991,0.4922048997772829,0.12478825522303783,0.42450344433300236,0.5742848759366701,0.6584709950057626,3207,228,1550,221
MFT,42,trimestre,2023Q4,200,77,0.1862141699288704,0.4,0.5581395348837209,0.3116883116883117,0.5108018882549848,0.6450216450216449,0.64,104,19,53,24
MFT,42,trimestre,2024Q1,1300,424,0.16332566904299423,0.37677053824362605,0.4716312056737589,0.3136792452830189,0.4442788440077266,0.6301800637546309,0.6615384615384615,727,149,291,133
MFT,42,trimestre,2024Q2,1300,382,0.2375223513950561,0.405103668261563,0.5183673469387755,0.3324607329842932,0.482125530142478,0.711993407019585,0.713076923076923,800,118,255,127
MFT,42,trimestre,2024Q3,1300,374,0.11226283158168193,0.2765957446808511,0.4105263157894737,0.20855614973262032,0.3769927475042143,0.631532899827907,0.6861538461538461,814,112,296,78
MFT,42,trimestre,2024Q4,1300,404,0.1496884852253888,0.3082077051926298,0.47668393782383417,0.22772277227722773,0.43693064312116153,0.6318096932461104,0.6823076923076923,795,101,312,92
MFT,42,trimestre,2025Q1,1300,418,0.16294222430702274,0.34009360374414976,0.48878923766816146,0.2607655502392344,0.4443263240014015,0.6265013182306416,0.6746153846153846,768,114,309,109
MFT,42,trimestre,2025Q2,1300,427,0.20644301513617203,0.37366003062787134,0.5398230088495575,0.2857142857142857,0.4855158276713023,0.6914137634097073,0.6853846153846154,769,104,305,122
MFT,42,trimestre,2025Q3,1300,428,0.2138570227120112,0.3740340030911901,0.5525114155251142,0.2827102803738318,0.46680202415687044,0.6641542699134014,0.6884615384615385,774,98,307,121
MFT,42,trimestre,2025Q4,1400,492,0.23558144201338277,0.4403444034440344,0.557632398753894,0.3638211382113821,0.5576460835156282,0.707778195623366,0.675,766,142,313,179
MFT,42,trimestre,2026Q1,1200,352,0.08889723662472229,0.29071803852889666,0.3789954337899543,0.23579545454545456,0.3811008789461079,0.6283936803173241,0.6625,712,136,269,83
MFT,42,trimestre,2026Q2,1300,447,0.20758810212025594,0.373134328358209,0.5605381165919282,0.2796420581655481,0.5103237170530728,0.7038246378750088,0.676923076923077,755,98,322,125
MFT,42,trimestre,2026Q3,1000,344,0.09257962027231638,0.2918287937743191,0.4411764705882353,0.2180232558139535,0.44920116759016304,0.6351389676687464,0.636,561,95,269,75
MFT,42,estreia,0,12238,4192,0.1587676194356329,0.35962912296701627,0.49560117302052786,0.28220419847328243,0.46179156620308043,0.6372795239396373,0.6557444026801765,6842,1204,3009,1183
MFT,42,estreia,1,1962,377,0.24528308746514477,0.3125,0.5089820359281437,0.22546419098143236,0.4065670444908718,0.7546603184697387,0.8093781855249745,1503,82,292,85
MFT,42,reentrada,0,13895,4455,0.17097303932193642,0.35021707670043417,0.49287169042769857,0.2716049382716049,0.4551437044891801,0.6619186331297914,0.6768621806405182,8195,1245,3245,1210
MFT,42,reentrada,1,305,114,0.3039002143995037,0.5446009389671361,0.5858585858585859,0.5087719298245614,0.5670831896185818,0.6656562873151465,0.6819672131147541,150,41,56,58
MFT,42,radio_presente,0,8344,2449,0.16241390715010895,0.29971830985915493,0.48319709355131696,0.21723152307064109,0.43486738257448077,0.6803827772738592,0.7020613614573347,5326,569,1917,532
MFT,42,radio_presente,1,5856,2120,0.17274485413045876,0.41197872935908203,0.5065381968341363,0.3471698113207547,0.4823685942232102,0.6295899660619773,0.6412226775956285,3019,717,1384,736
MFT,42,streaming_presente,0,8232,2883,0.16344353037329112,0.3863732543377063,0.49538795442213784,0.3166840097121054,0.46816357806001174,0.6395645997478661,0.6477162293488824,4419,930,1970,913
MFT,42,streaming_presente,1,5968,1686,0.17708504276957984,0.29620358781810596,0.49929676511954996,0.21055753262158955,0.4432179593351188,0.6870412047895047,0.7173257372654156,3926,356,1331,355
MFT,42,digital_presente,0,11735,3843,0.1747127047518431,0.3576691225720027,0.5016439643024895,0.2779078844652615,0.4610358122531736,0.6603019734672041,0.6731146144013634,6831,1061,2775,1068
MFT,42,digital_presente,1,2465,726,0.17629947112410987,0.3475238922675934,0.47058823529411764,0.27548209366391185,0.4433515888038949,0.6640797646600355,0.6953346855983773,1514,225,526,200
MFT,42,album_presente,0,5870,2062,0.16026748124057974,0.3865645256334708,0.4924924924924925,0.3181377303588749,0.4618375901489601,0.6287850403255386,0.6453151618398637,3132,676,1406,656
MFT,42,album_presente,1,8330,2507,0.1806665508716672,0.32823813354786807,0.5008183306055647,0.24411647387315516,0.45790244792814444,0.6826960416723609,0.6992797118847539,5213,610,1895,612
MFT,1337,faixa_rank,1-10,1420,301,0.04258230259022073,0.03785488958990536,0.375,0.019933554817275746,0.32119412930578994,0.6487044970740962,0.7852112676056338,1109,10,295,6
MFT,1337,faixa_rank,11-40,4260,1341,0.16509537580214084,0.273987798114254,0.5346320346320347,0.18419090231170768,0.46022590462742585,0.658716491172674,0.6927230046948357,2704,215,1094,247
MFT,1337,faixa_rank,41-100,8520,2927,0.16417745980356946,0.3637551731648878,0.5018028846153846,0.2852750256235053,0.4685686093246453,0.652532715286465,0.6571596244131456,4764,829,2092,835
MFT,1337,tempo_parada,1-4,4922,1261,0.28180566132289797,0.43410852713178294,0.5107296137339056,0.3774781919111816,0.4742777614585787,0.7602071993174082,0.7478667208451849,3205,456,785,476
MFT,1337,tempo_parada,5-12,4072,1537,0.1254698099505264,0.3582089552238806,0.4937142857142857,0.2810670136629798,0.4674373234846786,0.5994605131284977,0.6198428290766208,2092,443,1105,432
MFT,1337,tempo_parada,13+,5206,1771,0.10911775862592979,0.17094017094017094,0.5373134328358209,0.10163749294184077,0.4285596400503183,0.5809663534364502,0.6646177487514406,3280,155,1591,180
MFT,1337,trimestre,2023Q4,200,77,0.20241716206157845,0.42276422764227645,0.5652173913043478,0.33766233766233766,0.5311940125499269,0.6286558969485798,0.645,103,20,51,26
MFT,1337,trimestre,2024Q1,1300,424,0.12668486403251508,0.302066772655008,0.4634146341463415,0.2240566037735849,0.4549128539485686,0.6482833634875507,0.6623076923076923,766,110,329,95
MFT,1337,trimestre,2024Q2,1300,382,0.2074303942614825,0.34843205574912894,0.5208333333333334,0.2617801047120419,0.4620635958378156,0.6869446440589034,0.7123076923076923,826,92,282,100
MFT,1337,trimestre,2024Q3,1300,374,0.09119801614609907,0.24862888482632542,0.3930635838150289,0.18181818181818182,0.380976441215999,0.6412319100033494,0.6838461538461539,821,105,306,68
MFT,1337,trimestre,2024Q4,1300,404,0.13478209947165426,0.3076923076923077,0.45410628019323673,0.23267326732673269,0.4389973185134741,0.6317323417609619,0.6746153846153846,783,113,310,94
MFT,1337,trimestre,2025Q1,1300,418,0.17380540962654797,0.2816399286987522,0.5524475524475524,0.18899521531100477,0.4522183320817518,0.6421790406752813,0.69,818,64,339,79
MFT,1337,trimestre,2025Q2,1300,427,0.20400953206888606,0.33825944170771755,0.5659340659340659,0.24121779859484777,0.49599642152672363,0.6968406877144413,0.69,794,79,324,103
MFT,1337,trimestre,2025Q3,1300,428,0.1874140582413684,0.3333333333333333,0.5421052631578948,0.24065420560747663,0.45681133827612286,0.6491763482808883,0.683076923076923,785,87,325,103
MFT,1337,trimestre,2025Q4,1400,492,0.2529155879946099,0.4581818181818182,0.5675675675675675,0.38414634146341464,0.5523092547665474,0.7141018409082769,0.6807142857142857,764,144,303,189
MFT,1337,trimestre,2026Q1,1200,352,0.07374420604207128,0.2222222222222222,0.38461538461538464,0.15625,0.3744869255372034,0.6273015383790739,0.6791666666666667,760,88,297,55
MFT,1337,trimestre,2026Q2,1300,447,0.20582392386698303,0.33386837881219905,0.5909090909090909,0.232662192393736,0.5136830173232139,0.6958989328360754,0.6807692307692308,781,72,343,104
MFT,1337,trimestre,2026Q3,1000,344,0.11557923867102783,0.2903225806451613,0.47368421052631576,0.20930232558139536,0.45777541948220646,0.6299941505955757,0.648,576,80,272,72
MFT,1337,estreia,0,12238,4192,0.14783532262391524,0.3221520012963863,0.5022738756947953,0.23711832061068702,0.45850294834152056,0.6347100605203286,0.6581957836247753,7061,985,3198,994
MFT,1337,estreia,1,1962,377,0.2937847186793751,0.34814814814814815,0.5766871165644172,0.2493368700265252,0.4307317038920418,0.7547824850011295,0.8205912334352702,1516,69,283,94
MFT,1337,reentrada,0,13895,4455,0.15873770534608037,0.3135201724668925,0.4992643452672879,0.22850729517396184,0.45184157271243897,0.6595968988377181,0.6791651673263764,8419,1021,3437,1018
MFT,1337,reentrada,1,305,114,0.4514083497686177,0.6451612903225806,0.6796116504854369,0.6140350877192983,0.6590163113529977,0.7512170478552402,0.7475409836065574,158,33,44,70
MFT,1337,radio_presente,0,8344,2449,0.15182525344062056,0.26222622262226225,0.49434389140271495,0.17844017966516945,0.4432919191767351,0.6782587689631848,0.7052972195589645,5448,447,2012,437
MFT,1337,radio_presente,1,5856,2120,0.1692082662743302,0.38543516873889877,0.5174880763116058,0.3070754716981132,0.4779483021006248,0.6299023271786998,0.6454918032786885,3129,607,1469,651
MFT,1337,streaming_presente,0,8232,2883,0.15217876960821825,0.3585198315976069,0.496319018404908,0.28061047519944504,0.4591441881138514,0.6299413980796654,0.6483236151603499,4528,821,2074,809
MFT,1337,streaming_presente,1,5968,1686,0.17855147384764897,0.2538671519563239,0.544921875,0.16548042704626334,0.46344269934529525,0.6972423945751007,0.725201072386059,4049,233,1407,279
MFT,1337,digital_presente,0,11735,3843,0.1696881423056404,0.3191911897454414,0.5212264150943396,0.23002862347124642,0.4620710303711509,0.6598593931159384,0.6786536003408606,7080,812,2959,884
MFT,1337,digital_presente,1,2465,726,0.16794017117968169,0.34812286689419797,0.45739910313901344,0.2809917355371901,0.4454907757035585,0.6672290366681082,0.6900608519269776,1497,242,522,204
MFT,1337,album_presente,0,5870,2062,0.14934814590468098,0.36650485436893204,0.48946515397082657,0.2929194956353055,0.4591851971374264,0.6311416085590396,0.6442930153321976,3178,630,1458,604
MFT,1337,album_presente,1,8330,2507,0.17697553181011252,0.28345534407027817,0.5330396475770925,0.1930594335859593,0.4611068879767706,0.6796317040776295,0.7062424969987995,5399,424,2023,484
MFT,2024,faixa_rank,1-10,1420,301,0.0005649406983300613,0.01904761904761905,0.21428571428571427,0.009966777408637873,0.323743690513009,0.6596302465122217,0.782394366197183,1108,11,298,3
MFT,2024,faixa_rank,11-40,4260,1341,0.15115140043036004,0.2626599888703395,0.5175438596491229,0.17598806860551827,0.44244584950844473,0.6525944472929168,0.6889671361502347,2699,220,1105,236
MFT,2024,faixa_rank,41-100,8520,2927,0.1614273341234005,0.35260115606936415,0.5047740292807129,0.2709258626580116,0.47071556299278805,0.6541013093444751,0.6582159624413145,4815,778,2134,793
MFT,2024,tempo_parada,1-4,4922,1261,0.27621368022929743,0.423847228691197,0.5135440180586908,0.36082474226804123,0.4740724294191175,0.7580588282821632,0.7486793986184478,3230,431,806,455
MFT,2024,tempo_parada,5-12,4072,1537,0.1082149129919857,0.33062098501070664,0.48370927318295737,0.2511385816525699,0.45596149064713876,0.5915504344511902,0.6161591355599214,2123,412,1151,386
MFT,2024,tempo_parada,13+,5206,1771,0.11158208544795772,0.17951127819548873,0.5350140056022409,0.10784867306606437,0.42912737784219357,0.5866589078284541,0.6646177487514406,3269,166,1580,191
MFT,2024,trimestre,2023Q4,200,77,0.18115621839348833,0.3793103448275862,0.5641025641025641,0.2857142857142857,0.5237721094396746,0.6491394784077711,0.64,106,17,55,22
MFT,2024,trimestre,2024Q1,1300,424,0.1432056013834286,0.31811023622047246,0.4786729857819905,0.23820754716981132,0.4446687169815465,0.6355728224347377,0.666923076923077,766,110,323,101
MFT,2024,trimestre,2024Q2,1300,382,0.20276776845511194,0.3543441226575809,0.5073170731707317,0.27225130890052357,0.4464277799435506,0.6895510385655135,0.7084615384615385,817,101,278,104
MFT,2024,trimestre,2024Q3,1300,374,0.0894888740969583,0.23880597014925373,0.3950617283950617,0.1711229946524064,0.37000785068010206,0.6349805384553193,0.6861538461538461,828,98,310,64
MFT,2024,trimestre,2024Q4,1300,404,0.12407429277193774,0.26501766784452296,0.46296296296296297,0.18564356435643564,0.4239250191757884,0.6404564842644979,0.68,809,87,329,75
MFT,2024,trimestre,2025Q1,1300,418,0.1650184506351119,0.29553264604810997,0.524390243902439,0.20574162679425836,0.4518423297926206,0.6362822641018129,0.6846153846153846,804,78,332,86
MFT,2024,trimestre,2025Q2,1300,427,0.20206498967532546,0.32550335570469796,0.5739644970414202,0.22716627634660422,0.4872940882718627,0.6874542279308209,0.6907692307692308,801,72,330,97
MFT,2024,trimestre,2025Q3,1300,428,0.2059924054096349,0.3344370860927152,0.5738636363636364,0.23598130841121495,0.48330028306664574,0.6643498671010889,0.6907692307692308,797,75,327,101
MFT,2024,trimestre,2025Q4,1400,492,0.22023740289847393,0.4097938144329897,0.5598591549295775,0.3231707317073171,0.5416553976515475,0.7028849253250241,0.6728571428571428,783,125,333,159
MFT,2024,trimestre,2026Q1,1200,352,0.12414986186592616,0.26104417670682734,0.4452054794520548,0.1846590909090909,0.3862360097396551,0.6457506968267581,0.6933333333333334,767,81,287,65
MFT,2024,trimestre,2026Q2,1300,447,0.14428938676409575,0.29213483146067415,0.5170454545454546,0.203579418344519,0.5008880843721194,0.6919177216351815,0.6607692307692308,768,85,356,91
MFT,2024,trimestre,2026Q3,1000,344,0.09768459996246982,0.2729124236252546,0.4557823129251701,0.19476744186046513,0.4581402574676798,0.6352674773114011,0.643,576,80,277,67
MFT,2024,estreia,0,12238,4192,0.1444987714215357,0.3140983606557377,0.5020964360587002,0.22853053435114504,0.45677803476663914,0.6340622171559336,0.658114070926622,7096,950,3234,958
MFT,2024,estreia,1,1962,377,0.24929894006577877,0.2901960784313726,0.556390977443609,0.1962864721485411,0.4209277908372516,0.7564442845308722,0.8154943934760448,1526,59,303,74
MFT,2024,reentrada,0,13895,4455,0.15540473919056566,0.3054386785102073,0.49949031600407745,0.21997755331088664,0.45179648971841224,0.6601473658429873,0.6792371356603094,8458,982,3475,980
MFT,2024,reentrada,1,305,114,0.34762197733462813,0.538860103626943,0.6582278481012658,0.45614035087719296,0.5834614338683544,0.7050610820244329,0.7081967213114754,164,27,62,52
MFT,2024,radio_presente,0,8344,2449,0.1545656413934554,0.252760736196319,0.5080147965474723,0.16823193140057166,0.4352019661350254,0.6815639902180912,0.7080536912751678,5496,399,2037,412
MFT,2024,radio_presente,1,5856,2120,0.15240521929414355,0.3701492537313433,0.5040650406504065,0.29245283018867924,0.4772501936359502,0.6252295361803564,0.6396857923497268,3126,610,1500,620
MFT,2024,streaming_presente,0,8232,2883,0.1494607361857801,0.34705882352941175,0.4990240728692258,0.2660423170308706,0.4625598908991635,0.633025405924208,0.6494169096209913,4579,770,2116,767
MFT,2024,streaming_presente,1,5968,1686,0.1641177036613388,0.2420091324200913,0.5257936507936508,0.1571767497034401,0.44454021182111964,0.693463852935098,0.7218498659517426,4043,239,1421,265
MFT,2024,digital_presente,0,11735,3843,0.16135988722030098,0.30847766636280766,0.5152253349573691,0.22014051522248243,0.45895607278019257,0.6588078237839773,0.6767788666382616,7096,796,2997,846
MFT,2024,digital_presente,1,2465,726,0.16547938489486205,0.33066666666666666,0.46616541353383456,0.256198347107438,0.44192342619357616,0.6696195052094471,0.6945233265720081,1526,213,540,186
MFT,2024,album_presente,0,5870,2062,0.14820641056087122,0.3604544058949954,0.49121338912133894,0.28467507274490783,0.4624208290805847,0.6320753719771128,0.645144804088586,3200,608,1475,587
MFT,2024,album_presente,1,8330,2507,0.16496083026826977,0.2654339397554429,0.5260047281323877,0.17750299162345431,0.45155290757343197,0.6783037376849201,0.7043217286914766,5422,401,2062,445
MREC,42,faixa_rank,1-10,1420,301,0.010389228258826294,0.04242424242424243,0.2413793103448276,0.023255813953488372,0.2810383744886301,0.6181955293495913,0.7774647887323943,1097,22,294,7
MREC,42,faixa_rank,11-40,4260,1341,0.178423442700847,0.2799776910206358,0.5553097345132744,0.1871737509321402,0.4653253905808431,0.6667433071759276,0.6969483568075118,2718,201,1090,251
MREC,42,faixa_rank,41-100,8520,2927,0.16288268512884638,0.3555457161833075,0.5050314465408805,0.2743423300307482,0.48349887032165584,0.6691792738873711,0.6583333333333333,4806,787,2124,803
MREC,42,tempo_parada,1-4,4922,1261,0.2884081966621087,0.41444114737883286,0.5505913272010512,0.33227597145122917,0.5062478443662842,0.7681027552999325,0.7594473791141813,3319,342,842,419
MREC,42,tempo_parada,5-12,4072,1537,0.11475507503277689,0.3380161770966369,0.48891625615763545,0.258295380611581,0.46852514475772206,0.6121944051977584,0.6181237721021611,2120,415,1140,397
MREC,42,tempo_parada,13+,5206,1771,0.10419633198158464,0.21595416483032173,0.4919678714859438,0.1383399209486166,0.42983097781682955,0.5965307143966723,0.6582789089512101,3182,253,1526,245
MREC,42,trimestre,2023Q4,200,77,0.14110145809529107,0.3018867924528302,0.5517241379310345,0.2077922077922078,0.5521617274121879,0.6797592651251188,0.63,110,13,61,16
MREC,42,trimestre,2024Q1,1300,424,0.1929677751947744,0.35478806907378335,0.5305164319248826,0.2665094339622642,0.4909916183377782,0.6831464848798139,0.6838461538461539,776,100,311,113
MREC,42,trimestre,2024Q2,1300,382,0.20201983238825924,0.3612040133779264,0.5,0.28272251308900526,0.46717031922314983,0.6951259852399365,0.7061538461538461,810,108,274,108
MREC,42,trimestre,2024Q3,1300,374,0.14301643520913684,0.2857142857142857,0.45348837209302323,0.20855614973262032,0.40191595638709304,0.6515603885379009,0.7,832,94,296,78
MREC,42,trimestre,2024Q4,1300,404,0.1612165274397421,0.2857142857142857,0.5128205128205128,0.19801980198019803,0.4913563347462431,0.682093683698727,0.6923076923076923,820,76,324,80
MREC,42,trimestre,2025Q1,1300,418,0.17773554999035812,0.3239669421487603,0.5240641711229946,0.23444976076555024,0.451466677800449,0.665508468140047,0.6853846153846154,793,89,320,98
MREC,42,trimestre,2025Q2,1300,427,0.2042634117418874,0.31088082901554404,0.5921052631578947,0.2107728337236534,0.4926628952662522,0.6800609489472089,0.693076923076923,811,62,337,90
MREC,42,trimestre,2025Q3,1300,428,0.14284935256093984,0.28903654485049834,0.5,0.20327102803738317,0.46702974035263906,0.6554140229786505,0.6707692307692308,785,87,341,87
MREC,42,trimestre,2025Q4,1400,492,0.17679428321419421,0.36772486772486773,0.5265151515151515,0.28252032520325204,0.521727047660643,0.6852772107016224,0.6585714285714286,783,125,353,139
MREC,42,trimestre,2026Q1,1200,352,0.1056780032993415,0.2681992337164751,0.4117647058823529,0.19886363636363635,0.3996014121201251,0.6487959637650086,0.6816666666666666,748,100,282,70
MREC,42,trimestre,2026Q2,1300,447,0.18831943151839992,0.3109656301145663,0.5792682926829268,0.21252796420581654,0.503722827991045,0.7040160926956052,0.6761538461538461,784,69,352,95
MREC,42,trimestre,2026Q3,1000,344,0.15072248917516834,0.3359073359073359,0.5,0.25290697674418605,0.47389591867386277,0.6545084727736812,0.656,569,87,257,87
MREC,42,estreia,0,12238,4192,0.1491349669050123,0.3193469387755102,0.5059493016037248,0.23330152671755724,0.4653024442612348,0.6481373858424745,0.6593397613989214,7091,955,3214,978
MREC,42,estreia,1,1962,377,0.285746472138882,0.32233009708737864,0.6014492753623188,0.22015915119363394,0.46440187440671193,0.7556493653197667,0.8221202854230377,1530,55,294,83
MREC,42,reentrada,0,13895,4455,0.1606685948235739,0.3116279069767442,0.5037593984962406,0.2255892255892256,0.4598771928547022,0.6717625287717095,0.6804605973371717,8450,990,3450,1005
MREC,42,reentrada,1,305,114,0.4323267222162376,0.5894736842105263,0.7368421052631579,0.49122807017543857,0.6771916521415918,0.7085514834205935,0.7442622950819672,171,20,58,56
MREC,42,radio_presente,0,8344,2449,0.1702023446671743,0.2595797280593325,0.5336721728081322,0.17149857084524295,0.46207805354701514,0.6966519023707033,0.7128475551294343,5528,367,2029,420
MREC,42,radio_presente,1,5856,2120,0.15129029938691183,0.37661574618096355,0.4992211838006231,0.30235849056603775,0.4779448863705279,0.6318051543371985,0.637636612021858,3093,643,1479,641
MREC,42,streaming_presente,0,8232,2883,0.14935041496056367,0.35291489836944384,0.49560853199498117,0.274020117932709,0.47391484623120395,0.6496088460750085,0.6480806608357629,4545,804,2093,790
MREC,42,streaming_presente,1,5968,1686,0.18698645056871543,0.25057790106333794,0.5681341719077568,0.16073546856465007,0.4569166851233023,0.6937334024798558,0.7283847184986595,4076,206,1415,271
MREC,42,digital_presente,0,11735,3843,0.170278750488403,0.3126487278052352,0.5271604938271605,0.2222222222222222,0.48113503719296224,0.6779590270103593,0.68001704303366,7126,766,2989,854
MREC,42,digital_presente,1,2465,726,0.17072966118060168,0.3517417162276975,0.458980044345898,0.28512396694214875,0.4157375929332302,0.6503302141600015,0.6904665314401622,1495,244,519,207
MREC,42,album_presente,0,5870,2062,0.15914108824134698,0.3655449212719975,0.5029736618521665,0.2870999030067895,0.47466185860079424,0.6414759192959435,0.6499148211243612,3223,585,1470,592
MREC,42,album_presente,1,8330,2507,0.1690669640814924,0.2758012349309027,0.5246085011185683,0.18707618667730355,0.46276016242060336,0.6922363560974831,0.7043217286914766,5398,425,2038,469
MREC,1337,faixa_rank,1-10,1420,301,0.00469639567505547,0.030959752321981424,0.22727272727272727,0.016611295681063124,0.29424083028069736,0.634349606168298,0.7795774647887324,1102,17,296,5
MREC,1337,faixa_rank,11-40,4260,1341,0.1372927232551874,0.27175080558539205,0.4856046065259117,0.18866517524235646,0.4528919594247967,0.6670204903510876,0.6816901408450704,2651,268,1088,253
MREC,1337,faixa_rank,41-100,8520,2927,0.17627608666850858,0.3952145214521452,0.4986985944820406,0.32729757430816536,0.48168451956880387,0.664442766108326,0.655868544600939,4630,963,1969,958
MREC,1337,tempo_parada,1-4,4922,1261,0.26845551981485,0.4121557454890788,0.5136094674556213,0.34417129262490087,0.4849165359695934,0.7559505307134963,0.748476229175132,3250,411,827,434
MREC,1337,tempo_parada,5-12,4072,1537,0.10822186944157457,0.35878787878787877,0.47334754797441364,0.28887443070917374,0.457770506667121,0.6025031472206288,0.6102652259332023,2041,494,1093,444
MREC,1337,tempo_parada,13+,5206,1771,0.1278564196456081,0.27569331158238175,0.49632892804698975,0.19085262563523434,0.4492915550057055,0.6132879967320826,0.6588551671148675,3092,343,1433,338
MREC,1337,trimestre,2023Q4,200,77,0.035849792001820764,0.2545454545454545,0.42424242424242425,0.18181818181818182,0.47161184984164867,0.5978249392883539,0.59,104,19,63,14
MREC,1337,trimestre,2024Q1,1300,424,0.18323600221058908,0.3669172932330827,0.5062240663900415,0.28773584905660377,0.47659202111764193,0.6610800594468855,0.6761538461538461,757,119,302,122
MREC,1337,trimestre,2024Q2,1300,382,0.213845589816937,0.3898573692551506,0.4939759036144578,0.3219895287958115,0.4783180171182922,0.6973759253555989,0.7038461538461539,792,126,259,123
MREC,1337,trimestre,2024Q3,1300,374,0.11449348553444216,0.2664233576642336,0.41954022988505746,0.19518716577540107,0.39206192146239205,0.6347408784837321,0.6907692307692308,825,101,301,73
MREC,1337,trimestre,2024Q4,1300,404,0.16128279369319062,0.3448275862068966,0.4700854700854701,0.2722772277227723,0.4565370037152757,0.6611259061173973,0.6784615384615384,772,124,294,110
MREC,1337,trimestre,2025Q1,1300,418,0.15428600095470063,0.3248407643312102,0.4857142857142857,0.24401913875598086,0.4590531423263362,0.6502647310917987,0.6738461538461539,774,108,316,102
MREC,1337,trimestre,2025Q2,1300,427,0.20147501999604514,0.35646687697160884,0.5458937198067633,0.2646370023419204,0.48659540496610654,0.6898202918145456,0.6861538461538461,779,94,314,113
MREC,1337,trimestre,2025Q3,1300,428,0.14955708904795267,0.31695721077654515,0.49261083743842365,0.2336448598130841,0.4607795975886775,0.6450152190688502,0.6684615384615384,769,103,328,100
MREC,1337,trimestre,2025Q4,1400,492,0.1909693024268036,0.41737032569360677,0.5133531157270029,0.3516260162601626,0.5186145411295195,0.6915493714408509,0.655,744,164,319,173
MREC,1337,trimestre,2026Q1,1200,352,0.11015886278345506,0.28305400372439476,0.41081081081081083,0.2159090909090909,0.40422278284999247,0.6676739386792453,0.6791666666666667,739,109,276,76
MREC,1337,trimestre,2026Q2,1300,447,0.20917868706188691,0.3614088820826952,0.5728155339805825,0.2639821029082774,0.5128846102298709,0.7087526325037832,0.6792307692307692,765,88,329,118
MREC,1337,trimestre,2026Q3,1000,344,0.15374833345485472,0.34782608695652173,0.4972972972972973,0.26744186046511625,0.4677656338471216,0.6664332813386273,0.655,563,93,252,92
MREC,1337,estreia,0,12238,4192,0.14912646705483446,0.34533931055804606,0.49055775142731667,0.26645992366412213,0.46278869777359377,0.6468801825097293,0.6539467233208041,6886,1160,3075,1117
MREC,1337,estreia,1,1962,377,0.2778441848230788,0.35106382978723405,0.5294117647058824,0.2625994694960212,0.45451866121032203,0.7530955827594575,0.8134556574923547,1497,88,278,99
MREC,1337,reentrada,0,13895,4455,0.1632757280736,0.3400146305779078,0.48823529411764705,0.26083052749719415,0.45646413803393104,0.6699888123228519,0.6753508456279237,8222,1218,3293,1162
MREC,1337,reentrada,1,305,114,0.3428991352720906,0.5454545454545454,0.6428571428571429,0.47368421052631576,0.6826879508664213,0.706392945715073,0.7049180327868853,161,30,60,54
MREC,1337,radio_presente,0,8344,2449,0.13917360575604049,0.2599171107164002,0.47255113024757806,0.17925683952633728,0.43863299915208254,0.6845814756745842,0.7003835091083414,5405,490,2010,439
MREC,1337,radio_presente,1,5856,2120,0.17879601050033253,0.42517099863201097,0.5061889250814332,0.36650943396226415,0.48985583830201385,0.643852899882833,0.6412226775956285,2978,758,1343,777
MREC,1337,streaming_presente,0,8232,2883,0.16990119770133771,0.4013198597649,0.49491353001017296,0.3374956642386403,0.47514745067236364,0.6496240848698416,0.6473517978620019,4356,993,1910,973
MREC,1337,streaming_presente,1,5968,1686,0.1376871795563259,0.22252747252747251,0.4879518072289157,0.14412811387900357,0.44422534887431314,0.6893016256635546,0.7154825737265416,4027,255,1443,243
MREC,1337,digital_presente,0,11735,3843,0.17347130885844983,0.34496990541702494,0.5086206896551724,0.26099401509237574,0.4737095490551704,0.6736151583984625,0.6754154239454623,6923,969,2840,1003
MREC,1337,digital_presente,1,2465,726,0.15162293961528672,0.3497536945812808,0.4329268292682927,0.29338842975206614,0.4278570597368311,0.6526565249969506,0.6787018255578093,1460,279,513,213
MREC,1337,album_presente,0,5870,2062,0.15549837758962567,0.3806700266824785,0.4897025171624714,0.3113482056256062,0.4711370311951518,0.6416046747263405,0.6441226575809199,3139,669,1420,642
MREC,1337,album_presente,1,8330,2507,0.17203632608053818,0.31366120218579235,0.4978317432784042,0.2289589150378939,0.45962812229552374,0.6882433462451453,0.6984393757503001,5244,579,1933,574
MREC,2024,faixa_rank,1-10,1420,301,0.07656457794659079,0.08358208955223881,0.4117647058823529,0.046511627906976744,0.29109212149073566,0.632155549419718,0.7838028169014084,1099,20,287,14
MREC,2024,faixa_rank,11-40,4260,1341,0.19839971068048837,0.3502994011976048,0.5294117647058824,0.26174496644295303,0.4806845789209987,0.66804364114972,0.6943661971830986,2607,312,990,351
MREC,2024,faixa_rank,41-100,8520,2927,0.16371568586896754,0.35152057245080504,0.5087378640776699,0.268534335497096,0.4855068647937161,0.6662194146607315,0.6596244131455399,4834,759,2141,786
MREC,2024,tempo_parada,1-4,4922,1261,0.30442267516835114,0.44054950260540027,0.5470588235294118,0.3687549563838224,0.5119193342007944,0.759645087718652,0.7600568874441284,3276,385,796,465
MREC,2024,tempo_parada,5-12,4072,1537,0.1043128294070847,0.3401587964897618,0.47546728971962615,0.2648015614834092,0.4655719569587056,0.601344867367589,0.6122298624754421,2086,449,1130,407
MREC,2024,tempo_parada,13+,5206,1771,0.12895633474208024,0.24187256176853056,0.5205223880597015,0.15753811405985318,0.44735654531601243,0.6081191639194298,0.6640414905877833,3178,257,1492,279
MREC,2024,trimestre,2023Q4,200,77,0.21526016427337652,0.3669724770642202,0.625,0.2597402597402597,0.5829866181575493,0.6814486326681448,0.655,111,12,57,20
MREC,2024,trimestre,2024Q1,1300,424,0.1604905650239019,0.35135135135135137,0.4834710743801653,0.2759433962264151,0.4713395885398136,0.6602723571982424,0.6676923076923077,751,125,307,117
MREC,2024,trimestre,2024Q2,1300,382,0.19862033554264646,0.36,0.4954128440366973,0.28272251308900526,0.4732789524851485,0.6883790165280772,0.7046153846153846,808,110,274,108
MREC,2024,trimestre,2024Q3,1300,374,0.08138374300285706,0.24593128390596744,0.37988826815642457,0.18181818181818182,0.3642019216919279,0.6125015881082454,0.6792307692307692,815,111,306,68
MREC,2024,trimestre,2024Q4,1300,404,0.18804584602073296,0.32124352331606215,0.5314285714285715,0.2301980198019802,0.4944420654278928,0.6788090081329562,0.6976923076923077,814,82,311,93
MREC,2024,trimestre,2025Q1,1300,418,0.19275282102630162,0.35294117647058826,0.5260663507109005,0.26555023923444976,0.4977103692254454,0.6756013410148748,0.686923076923077,782,100,307,111
MREC,2024,trimestre,2025Q2,1300,427,0.18539924227393248,0.2951388888888889,0.5704697986577181,0.1990632318501171,0.4943367421123246,0.6919529684444338,0.6876923076923077,809,64,342,85
MREC,2024,trimestre,2025Q3,1300,428,0.16137512058661205,0.3369397217928903,0.4977168949771689,0.2546728971962617,0.4527288904854184,0.6493880219497558,0.67,762,110,319,109
MREC,2024,trimestre,2025Q4,1400,492,0.2824480820885726,0.4607594936708861,0.610738255033557,0.3699186991869919,0.6078266817486649,0.7306821030765375,0.6957142857142857,792,116,310,182
MREC,2024,trimestre,2026Q1,1200,352,0.09492790304720825,0.2783882783882784,0.3917525773195876,0.2159090909090909,0.3737742774292268,0.6431543471269296,0.6716666666666666,730,118,276,76
MREC,2024,trimestre,2026Q2,1300,447,0.21573984201298274,0.3424,0.601123595505618,0.23937360178970918,0.5118453114236328,0.6913722065299207,0.6838461538461539,782,71,340,107
MREC,2024,trimestre,2026Q3,1000,344,0.14524282779229933,0.3054989816700611,0.5102040816326531,0.2180232558139535,0.4523027255887996,0.6460667186613727,0.659,584,72,269,75
MREC,2024,estreia,0,12238,4192,0.15931724595002697,0.33968859231013665,0.5085632730732635,0.2550095419847328,0.4708184856094092,0.6447879072717372,0.6604020264749142,7013,1033,3123,1069
MREC,2024,estreia,1,1962,377,0.27689700047729293,0.31721470019342357,0.5857142857142857,0.21750663129973474,0.47851838466360985,0.7604456568124576,0.8200815494393476,1527,58,295,82
MREC,2024,reentrada,0,13895,4455,0.1708468945175062,0.3304084720121029,0.5067285382830626,0.24511784511784512,0.4648625265105642,0.6695100368087656,0.6814681540122346,8377,1063,3363,1092
MREC,2024,reentrada,1,305,114,0.3974597000696015,0.5870646766169154,0.6781609195402298,0.5175438596491229,0.7031928567892285,0.730274639478277,0.7278688524590164,163,28,55,59
MREC,2024,radio_presente,0,8344,2449,0.17273821173034798,0.27827648114901254,0.5207166853303471,0.189873417721519,0.459570456167645,0.6919084177267141,0.7109300095877277,5467,428,1984,465
MREC,2024,radio_presente,1,5856,2120,0.16677783981368166,0.39550302680887867,0.508524833209785,0.32358490566037734,0.49199405475568225,0.6340854914952931,0.641905737704918,3073,663,1434,686
MREC,2024,streaming_presente,0,8232,2883,0.1544546155878758,0.34589901759195796,0.5066934404283802,0.2625737079431148,0.477594337707566,0.6485410929017239,0.6522108843537415,4612,737,2126,757
MREC,2024,streaming_presente,1,5968,1686,0.2053494315945194,0.323746918652424,0.5267379679144385,0.23368920521945433,0.468307369605826,0.6938462919346233,0.724195710455764,3928,354,1292,394
MREC,2024,digital_presente,0,11735,3843,0.18265593282502948,0.33446247102870386,0.5311438278595696,0.24408014571949,0.4876600521813389,0.6747152292350584,0.681891776736259,7064,828,2905,938
MREC,2024,digital_presente,1,2465,726,0.16415362347859086,0.3544093178036606,0.4474789915966387,0.29338842975206614,0.4250762843432345,0.6532885971957538,0.6851926977687627,1476,263,513,213
MREC,2024,album_presente,0,5870,2062,0.17310094659487674,0.3705552089831566,0.5192307692307693,0.2880698351115422,0.4896333001779606,0.6502866877837459,0.6562180579216355,3258,550,1468,594
MREC,2024,album_presente,1,8330,2507,0.17527480680918792,0.3090152565880721,0.5072859744990893,0.2221779018747507,0.46161672845212415,0.6834245531025922,0.7009603841536615,5282,541,1950,557
MRT,42,faixa_rank,1-10,1420,301,0.13221172311872173,0.10303030303030303,0.5862068965517241,0.05647840531561462,0.3320539204048438,0.6407239496584219,0.7915492957746478,1107,12,284,17
MRT,42,faixa_rank,11-40,4260,1341,0.18522053366773691,0.31887088342916886,0.5332167832167832,0.22744220730797912,0.46990530584441703,0.6566885832976317,0.6941314553990611,2652,267,1036,305
MRT,42,faixa_rank,41-100,8520,2927,0.1754736979197789,0.39638529472170875,0.49691040164778577,0.329689101469081,0.46856285139445886,0.6460799106404114,0.6550469483568075,4616,977,1962,965
MRT,42,tempo_parada,1-4,4922,1261,0.33248708684926886,0.5058639562157936,0.49884348496530456,0.5130848532910388,0.4971735018426426,0.7690448066845141,0.7431938236489232,3011,650,614,647
MRT,42,tempo_parada,5-12,4072,1537,0.13131249074941953,0.3876029815613966,0.4881422924901186,0.3214053350683149,0.4686671908754997,0.6038079765520834,0.6166502946954814,2017,518,1043,494
MRT,42,tempo_parada,13+,5206,1771,0.12992882126011274,0.1456359102244389,0.6239316239316239,0.08243929983060418,0.4372766544073027,0.5887976841840521,0.6709565885516712,3347,88,1625,146
MRT,42,trimestre,2023Q4,200,77,0.37434869442138274,0.5581395348837209,0.6923076923076923,0.4675324675324675,0.6385932669530556,0.7176644493717664,0.715,107,16,41,36
MRT,42,trimestre,2024Q1,1300,424,0.12255029971274753,0.32432432432432434,0.4462809917355372,0.25471698113207547,0.4209721989374559,0.6208618721461187,0.6538461538461539,742,134,316,108
MRT,42,trimestre,2024Q2,1300,382,0.2469477169577416,0.4026186579378069,0.537117903930131,0.3219895287958115,0.49242649046006626,0.7067834696414924,0.7192307692307692,812,106,259,123
MRT,42,trimestre,2024Q3,1300,374,0.09663397205110157,0.27986348122866894,0.3867924528301887,0.2192513368983957,0.36634440575609273,0.6194546147538144,0.6753846153846154,796,130,292,82
MRT,42,trimestre,2024Q4,1300,404,0.24278933023922114,0.3993660855784469,0.5550660792951542,0.3118811881188119,0.4861914541267675,0.6597750176803395,0.7084615384615385,795,101,278,126
MRT,42,trimestre,2025Q1,1300,418,0.12356262993607248,0.29497568881685576,0.457286432160804,0.21770334928229665,0.4120847828792036,0.5870059347502956,0.6653846153846154,774,108,327,91
MRT,42,trimestre,2025Q2,1300,427,0.2111401707720839,0.36477987421383645,0.5550239234449761,0.2716627634660422,0.4967007589130702,0.6928382304417458,0.6892307692307692,780,93,311,116
MRT,42,trimestre,2025Q3,1300,428,0.19020411107625224,0.35802469135802467,0.5272727272727272,0.27102803738317754,0.4746793295866192,0.657206550630198,0.68,768,104,312,116
MRT,42,trimestre,2025Q4,1400,492,0.28236663578988047,0.49061032863849763,0.5805555555555556,0.4247967479674797,0.5828131712309214,0.7250143261344508,0.69,757,151,283,209
MRT,42,trimestre,2026Q1,1200,352,0.14350390243437694,0.31053604436229204,0.4444444444444444,0.23863636363636365,0.37678168885069474,0.6074855274442539,0.6891666666666667,743,105,268,84
MRT,42,trimestre,2026Q2,1300,447,0.16235767851159755,0.3373493975903614,0.5161290322580645,0.2505592841163311,0.49443727583766733,0.6848024212478133,0.6615384615384615,748,105,335,112
MRT,42,trimestre,2026Q3,1000,344,0.10620654931278135,0.3163841807909605,0.44919786096256686,0.2441860465116279,0.4360271000965242,0.6272378403289847,0.637,553,103,260,84
MRT,42,estreia,0,12238,4192,0.16635758704528847,0.3558244144563363,0.5086474501108648,0.27361641221374045,0.46362465491265425,0.6345560676396977,0.6606471645693741,6938,1108,3045,1147
MRT,42,estreia,1,1962,377,0.3094716082597632,0.42105263157894735,0.4861111111111111,0.3713527851458886,0.46538709203952805,0.7639399543130643,0.8037716615698267,1437,148,237,140
MRT,42,reentrada,0,13895,4455,0.17826876532288075,0.3543238537434707,0.5010258514567091,0.2740740740740741,0.4557858345484046,0.6564059973558561,0.679740913997841,8224,1216,3234,1221
MRT,42,reentrada,1,305,114,0.3754321392573091,0.6,0.6226415094339622,0.5789473684210527,0.6733249219781063,0.7259575640672361,0.7114754098360656,151,40,48,66
MRT,42,radio_presente,0,8344,2449,0.18795897120944463,0.3500522466039707,0.485859318346628,0.2735810534912209,0.4505043593439988,0.6720943377210618,0.7018216682646213,5186,709,1779,670
MRT,42,radio_presente,1,5856,2120,0.17416369164221174,0.37576126674786847,0.5300687285223368,0.2910377358490566,0.482695845258005,0.6334540776130257,0.649931693989071,3189,547,1503,617
MRT,42,streaming_presente,0,8232,2883,0.15943750743497828,0.38038379530916844,0.4936358605423354,0.30939993062781823,0.4599429064055264,0.6272620937183289,0.6469873663751214,4434,915,1991,892
MRT,42,streaming_presente,1,5968,1686,0.21174825133027167,0.3261767134599505,0.5366847826086957,0.23428232502965599,0.4705101057507952,0.6911945671222691,0.7265415549597856,3941,341,1291,395
MRT,42,digital_presente,0,11735,3843,0.18109656442347022,0.36571998006975587,0.5055096418732782,0.2864949258391881,0.46246818515135435,0.653635901611648,0.6745632722624627,6815,1077,2742,1101
MRT,42,digital_presente,1,2465,726,0.19670109991063775,0.34097158570119157,0.5095890410958904,0.256198347107438,0.4554564276292473,0.6698214831677114,0.708316430020284,1560,179,540,186
MRT,42,album_presente,0,5870,2062,0.17105615709846442,0.3986013986013986,0.4992700729927007,0.3317167798254122,0.4628993130204866,0.625764318215162,0.648381601362862,3122,686,1378,684
MRT,42,album_presente,1,8330,2507,0.1880935237201797,0.32771739130434785,0.5140664961636828,0.2405265257279617,0.464080429511662,0.6775579639246071,0.7030012004801921,5253,570,1904,603
MRT,1337,faixa_rank,1-10,1420,301,0.0049453136088606665,0.006557377049180328,0.25,0.0033222591362126247,0.3264929267264437,0.6478078730712934,0.7866197183098591,1116,3,300,1
MRT,1337,faixa_rank,11-40,4260,1341,0.16797159394885455,0.28195282501371366,0.533195020746888,0.19164802386278895,0.45994168106750344,0.658912946344746,0.6927230046948357,2694,225,1084,257
MRT,1337,faixa_rank,41-100,8520,2927,0.16738742835554518,0.43028181985632713,0.46682653876898483,0.39904338913563375,0.4603870629872512,0.6410012063617763,0.6369718309859155,4259,1334,1759,1168
MRT,1337,tempo_parada,1-4,4922,1261,0.3303056260109814,0.5172291296625222,0.46846846846846846,0.5773195876288659,0.4670777903187716,0.759771373291706,0.7238927265339293,2835,826,533,728
MRT,1337,tempo_parada,5-12,4072,1537,0.12553370907145872,0.4103130755064457,0.47283531409168084,0.3623942745608328,0.46825969436335907,0.604268670621706,0.606827111984283,1914,621,980,557
MRT,1337,tempo_parada,13+,5206,1771,0.10108826930809701,0.13912185495806612,0.55078125,0.07961603613777526,0.43586553970410874,0.6011508395408148,0.6648098348059931,3320,115,1630,141
MRT,1337,trimestre,2023Q4,200,77,0.24542701350182955,0.41739130434782606,0.631578947368421,0.3116883116883117,0.5960355906805619,0.6953859148981101,0.665,109,14,53,24
MRT,1337,trimestre,2024Q1,1300,424,0.14943812055006514,0.40102827763496146,0.4406779661016949,0.36792452830188677,0.43799837432543426,0.6395386404755751,0.6415384615384615,678,198,268,156
MRT,1337,trimestre,2024Q2,1300,382,0.23343419389572673,0.4188163884673748,0.4981949458483754,0.3612565445026178,0.4808344377115497,0.6962580843855867,0.7053846153846154,779,139,244,138
MRT,1337,trimestre,2024Q3,1300,374,0.08385217116615831,0.2814569536423841,0.3695652173913043,0.22727272727272727,0.3637091164837842,0.6187298598999781,0.6661538461538462,781,145,289,85
MRT,1337,trimestre,2024Q4,1300,404,0.18197674609205605,0.34098360655737703,0.5048543689320388,0.25742574257425743,0.45655694306853123,0.6554157089816124,0.6907692307692308,794,102,300,104
MRT,1337,trimestre,2025Q1,1300,418,0.09437385417233976,0.3182481751824818,0.40823970037453183,0.2607655502392344,0.40452439190559686,0.598712690817954,0.6407692307692308,724,158,309,109
MRT,1337,trimestre,2025Q2,1300,427,0.21368546861024135,0.4124293785310734,0.5195729537366548,0.34192037470725994,0.4794637397831554,0.6773380976524461,0.68,738,135,281,146
MRT,1337,trimestre,2025Q3,1300,428,0.17808402949945082,0.3674074074074074,0.5020242914979757,0.2897196261682243,0.4519405830334182,0.6467380819686186,0.6715384615384615,749,123,304,124
MRT,1337,trimestre,2025Q4,1400,492,0.2900353497646626,0.48426150121065376,0.5988023952095808,0.4065040650406504,0.5730589849565014,0.7266058701335912,0.6957142857142857,774,134,292,200
MRT,1337,trimestre,2026Q1,1200,352,0.1191764222691115,0.34755134281200634,0.3914590747330961,0.3125,0.37639802889041485,0.6068490030017153,0.6558333333333334,677,171,242,110
MRT,1337,trimestre,2026Q2,1300,447,0.16432596047819165,0.3737796373779637,0.4962962962962963,0.29977628635346754,0.4761660861754644,0.6749726586780177,0.6546153846153846,717,136,313,134
MRT,1337,trimestre,2026Q3,1000,344,0.13695005483705405,0.3510054844606947,0.4729064039408867,0.27906976744186046,0.45920764897244426,0.6348021837776517,0.645,549,107,248,96
MRT,1337,estreia,0,12238,4192,0.1570550261012555,0.3677476941386492,0.48853754940711464,0.2948473282442748,0.45786740159377276,0.6331147488297253,0.6527210328485047,6752,1294,2956,1236
MRT,1337,estreia,1,1962,377,0.311914459182806,0.4550898203592814,0.4148471615720524,0.5039787798408488,0.41140098057018637,0.7582550268180639,0.7680937818552498,1317,268,187,190
MRT,1337,reentrada,0,13895,4455,0.16793674656736476,0.3683920704845815,0.4763260946956212,0.30033670033670035,0.44863157456609015,0.6551318624094048,0.6698092839150773,7969,1471,3117,1338
MRT,1337,reentrada,1,305,114,0.2903355119970449,0.6006825938566553,0.49162011173184356,0.7719298245614035,0.5445220436566693,0.6844401579865896,0.6163934426229508,100,91,26,88
MRT,1337,radio_presente,0,8344,2449,0.18201061084493256,0.3793677204658902,0.4539249146757679,0.32584728460596163,0.42800868086413146,0.6698267385798362,0.6870805369127517,4935,960,1651,798
MRT,1337,radio_presente,1,5856,2120,0.159383755256193,0.37492537313432833,0.510569105691057,0.2962264150943396,0.48223195976416533,0.638536826794877,0.6424180327868853,3134,602,1492,628
MRT,1337,streaming_presente,0,8232,2883,0.14807129944990033,0.4158566800076234,0.46150592216582065,0.37842525147415884,0.45340084483141896,0.6213779086887523,0.6276724975704567,4076,1273,1792,1091
MRT,1337,streaming_presente,1,5968,1686,0.19305070376203198,0.29004329004329005,0.5368589743589743,0.19869513641755635,0.45917914297707413,0.6914724275471325,0.725201072386059,3993,289,1351,335
MRT,1337,digital_presente,0,11735,3843,0.17089450667668057,0.3889230769230769,0.4757245013172751,0.3289097059588863,0.451235179712383,0.650930335353449,0.6615253515125692,6499,1393,2579,1264
MRT,1337,digital_presente,1,2465,726,0.16839661892783808,0.3065279091769158,0.48942598187311176,0.2231404958677686,0.4477835189988397,0.6679957608390878,0.7026369168356998,1570,169,564,162
MRT,1337,album_presente,0,5870,2062,0.1497785660262867,0.41951736939803763,0.46284376828554713,0.3836081474296799,0.45276983910925184,0.6211213540944991,0.6270868824531516,2890,918,1271,791
MRT,1337,album_presente,1,8330,2507,0.181550856388768,0.33544638140517696,0.49648162627052383,0.25329078579976066,0.4533767609708077,0.6760703894799525,0.6979591836734694,5179,644,1872,635
MRT,2024,faixa_rank,1-10,1420,301,0.09154873937683103,0.08982035928143713,0.45454545454545453,0.04983388704318937,0.33094509004936024,0.6635344205641606,0.7859154929577464,1101,18,286,15
MRT,2024,faixa_rank,11-40,4260,1341,0.18898366752987408,0.3094218415417559,0.5483870967741935,0.21551081282624907,0.4691014988782833,0.6687208877832218,0.6971830985915493,2681,238,1052,289
MRT,2024,faixa_rank,41-100,8520,2927,0.17100514940623224,0.3935973732813462,0.49280575539568344,0.327639221045439,0.47103441969548576,0.6510026656753026,0.653169014084507,4606,987,1968,959
MRT,2024,tempo_parada,1-4,4922,1261,0.31660563332142044,0.49020391843262695,0.49435483870967745,0.486122125297383,0.4705657556805671,0.7659591497580105,0.7409589597724502,3034,627,648,613
MRT,2024,tempo_parada,5-12,4072,1537,0.14179156879234417,0.38575430172068825,0.501039501039501,0.313597918022121,0.47631934173262863,0.6061204297929187,0.6230353634577603,2055,480,1055,482
MRT,2024,tempo_parada,13+,5206,1771,0.11166899665471182,0.16192771084337348,0.5526315789473685,0.09486166007905138,0.43964827393405226,0.5810422979969211,0.6659623511333077,3299,136,1603,168
MRT,2024,trimestre,2023Q4,200,77,0.2581455761061374,0.42105263157894735,0.6486486486486487,0.3116883116883117,0.551647876759771,0.6607538802660753,0.67,110,13,53,24
MRT,2024,trimestre,2024Q1,1300,424,0.15572452691260563,0.35777126099706746,0.4728682170542636,0.28773584905660377,0.4410880796831622,0.638957094856552,0.6630769230769231,740,136,302,122
MRT,2024,trimestre,2024Q2,1300,382,0.20256978094267714,0.3648424543946932,0.497737556561086,0.2879581151832461,0.48770418462551013,0.709945932997981,0.7053846153846154,807,111,272,110
MRT,2024,trimestre,2024Q3,1300,374,0.10594539619838828,0.292436974789916,0.3936651583710407,0.232620320855615,0.38008515888406685,0.6312903523867823,0.6761538461538461,792,134,287,87
MRT,2024,trimestre,2024Q4,1300,404,0.16551191327832473,0.3284072249589491,0.4878048780487805,0.24752475247524752,0.43628292818230124,0.6413128757072135,0.6853846153846154,791,105,304,100
MRT,2024,trimestre,2025Q1,1300,418,0.15126102357445814,0.3183279742765273,0.4852941176470588,0.23684210526315788,0.44600475016981067,0.6230863956427866,0.6738461538461539,777,105,319,99
MRT,2024,trimestre,2025Q2,1300,427,0.21760955359575407,0.382262996941896,0.5506607929515418,0.2927400468384075,0.4856989112538017,0.6862202263588101,0.6892307692307692,771,102,302,125
MRT,2024,trimestre,2025Q3,1300,428,0.20960450088636107,0.37936267071320184,0.5411255411255411,0.29205607476635514,0.46851346716537384,0.6612444268198576,0.6853846153846154,766,106,303,125
MRT,2024,trimestre,2025Q4,1400,492,0.2763567930690074,0.4548919949174079,0.6067796610169491,0.3638211382113821,0.5779784942616114,0.7295427276959995,0.6935714285714286,792,116,313,179
MRT,2024,trimestre,2026Q1,1200,352,0.13743875887290602,0.31464737793851716,0.43283582089552236,0.2471590909090909,0.394019288140815,0.630695218696398,0.6841666666666667,734,114,265,87
MRT,2024,trimestre,2026Q2,1300,447,0.1668954068287451,0.34911242603550297,0.5152838427947598,0.2639821029082774,0.49420988112728215,0.6795754423786557,0.6615384615384615,742,111,329,118
MRT,2024,trimestre,2026Q3,1000,344,0.14401988019572481,0.33397312859884837,0.4915254237288136,0.25290697674418605,0.4491677444441702,0.6334107345433919,0.653,566,90,257,87
MRT,2024,estreia,0,12238,4192,0.16450316261517092,0.3501409332915753,0.5095715587967183,0.2666984732824427,0.46744329219420944,0.6377029598890349,0.6608923026638339,6970,1076,3074,1118
MRT,2024,estreia,1,1962,377,0.30085918725147837,0.420899854862119,0.46474358974358976,0.38461538461538464,0.398344558632756,0.761878184906576,0.7966360856269113,1418,167,232,145
MRT,2024,reentrada,0,13895,4455,0.17544403337236095,0.3511783532150131,0.4989665150888797,0.27093153759820426,0.45804724603459057,0.6605008536399779,0.6790212306585103,8228,1212,3248,1207
MRT,2024,reentrada,1,305,114,0.3524336228672138,0.5572139303482587,0.6436781609195402,0.49122807017543857,0.5937364601522491,0.7160374758886746,0.7081967213114754,160,31,58,56
MRT,2024,radio_presente,0,8344,2449,0.16933813761010738,0.31991294885745375,0.4792176039119804,0.24009799918334013,0.4335573308407429,0.6788728916374099,0.7003835091083414,5256,639,1861,588
MRT,2024,radio_presente,1,5856,2120,0.18229999638838537,0.3971756398940865,0.527756059421423,0.31839622641509435,0.485993076079406,0.6289320380994707,0.6501024590163934,3132,604,1445,675
MRT,2024,streaming_presente,0,8232,2883,0.16051291056872793,0.38972431077694236,0.48976377952755906,0.32362122788761705,0.465940882978527,0.6321868831327747,0.6450437317784257,4377,972,1950,933
MRT,2024,streaming_presente,1,5968,1686,0.19814024512943113,0.2885876694359423,0.5490848585690515,0.19572953736654805,0.4633434634948798,0.7010471154874359,0.7273793565683646,4011,271,1356,330
MRT,2024,digital_presente,0,11735,3843,0.17917004977445947,0.35310156782549423,0.5116049382716049,0.26958105646630237,0.46295808091888213,0.6609118526862581,0.6765232211333617,6903,989,2807,1036
MRT,2024,digital_presente,1,2465,726,0.19163682999941667,0.376139188069594,0.47193347193347196,0.31267217630853994,0.45770598038883487,0.6735275806842538,0.6945233265720081,1485,254,499,227
MRT,2024,album_presente,0,5870,2062,0.15816087512902213,0.4010195412064571,0.48196051735874745,0.3433559650824442,0.4621705777792454,0.6304533846758879,0.6396933560477002,3047,761,1354,708
MRT,2024,album_presente,1,8330,2507,0.1925691737168144,0.3132054176072235,0.5351976856316297,0.22138013562026326,0.4648040180738791,0.6805189330427781,0.7078031212484994,5341,482,1952,555
