atributo,inferior,superior,proporcao_referencia,proporcao_recente,referencia,recente
rank,-inf,10.900000000000546,0.1,0.1,D0,D1
rank,10.900000000000546,20.80000000000109,0.1,0.1,D0,D1
rank,20.80000000000109,30.700000000002547,0.1,0.1,D0,D1
rank,30.700000000002547,40.60000000000218,0.1,0.1,D0,D1
rank,40.60000000000218,50.5,0.1,0.1,D0,D1
rank,50.5,60.40000000000509,0.1,0.1,D0,D1
rank,60.40000000000509,70.30000000000291,0.1,0.1,D0,D1
rank,70.30000000000291,80.20000000000437,0.1,0.1,D0,D1
rank,80.20000000000437,90.09999999999854,0.1,0.1,D0,D1
rank,90.09999999999854,inf,0.1,0.1,D0,D1
rank_lag1,-inf,11.0,0.09964957364793832,0.09894403379091869,D0,D1
rank_lag1,11.0,21.0,0.09922906202546432,0.09838085181274199,D0,D1
rank_lag1,21.0,31.0,0.09855157107814508,0.09655051038366773,D0,D1
rank_lag1,31.0,41.0,0.09644901296577503,0.09331221400915171,D0,D1
rank_lag1,41.0,53.0,0.10406494568391543,0.10380147835269271,D0,D1
rank_lag1,53.0,63.0,0.0935755168788693,0.0894403379091869,D0,D1
rank_lag1,63.0,74.0,0.10014017054082466,0.09549454417458642,D0,D1
rank_lag1,74.0,86.0,0.10292021960051397,0.09408658922914467,D0,D1
rank_lag1,86.0,101.0,0.10359771054783319,0.09120028159098909,D0,D1
rank_lag1,101.0,inf,0.10182221703072071,0.1387891587469201,D0,D1
rank_lag2,-inf,11.0,0.0991823385118561,0.09753607884547695,D0,D1
rank_lag2,11.0,21.0,0.09834131526690808,0.09472016895459345,D0,D1
rank_lag2,21.0,31.0,0.09642565120897091,0.08986272439281943,D0,D1
rank_lag2,31.0,43.0,0.10497605419927579,0.10147835269271384,D0,D1
rank_lag2,43.0,55.0,0.09418292255577619,0.09429778247096093,D0,D1
rank_lag2,55.0,67.0,0.10462562784721412,0.0966209081309398,D0,D1
rank_lag2,67.0,79.0,0.0967994393178367,0.0878211897219289,D0,D1
rank_lag2,79.0,94.0,0.10002336175680411,0.08585005279831046,D0,D1
rank_lag2,94.0,101.0,0.03650274500642448,0.03009503695881732,D0,D1
rank_lag2,101.0,inf,0.16894054432893355,0.22171770503343893,D0,D1
variacao_1s,-inf,-10.0,0.08787524821866605,0.15012319605772614,D0,D1
variacao_1s,-10.0,-5.0,0.09971965891835066,0.1044350580781415,D0,D1
variacao_1s,-5.0,-3.0,0.07362457656815792,0.0662090813093981,D0,D1
variacao_1s,-3.0,-1.0,0.10855040299030487,0.08768039422738472,D0,D1
variacao_1s,-1.0,0.0,0.07215278588949889,0.061070045758535724,D0,D1
variacao_1s,0.0,2.0,0.15293774091811704,0.12639915522703274,D0,D1
variacao_1s,2.0,4.0,0.09647237472257914,0.0766983456529391,D0,D1
variacao_1s,4.0,7.0,0.09450998715103376,0.07831749384019711,D0,D1
variacao_1s,7.0,15.0,0.11210139002452985,0.0972544878563886,D0,D1
variacao_1s,15.0,inf,0.10205583459876183,0.15181274199225625,D0,D1
peak_pos,-inf,3.0,0.09621539539773391,0.11731784582893347,D0,D1
peak_pos,3.0,7.0,0.08890316551804696,0.09655051038366773,D0,D1
peak_pos,7.0,14.0,0.10485924541525522,0.13076381555790215,D0,D1
peak_pos,14.0,24.0,0.10432192500876065,0.13505807814149948,D0,D1
peak_pos,24.0,36.0,0.10471907487443055,0.12090813093980993,D0,D1
peak_pos,36.0,46.0,0.09165985282093213,0.07831749384019711,D0,D1
peak_pos,46.0,56.0,0.10147179067865904,0.0812038014783527,D0,D1
peak_pos,56.0,68.0,0.10773274150216096,0.09204505455825414,D0,D1
peak_pos,68.0,81.0,0.09516411634154888,0.07198169658570926,D0,D1
peak_pos,81.0,inf,0.10495269244247167,0.07585357268567405,D0,D1
distancia_pico,-inf,0.0,1.1681151294271564e-05,3.52013517319065e-05,D0,D1
distancia_pico,0.0,1.0,0.3711218577703018,0.28840467473951,D0,D1
distancia_pico,1.0,4.0,0.10923044575273338,0.08487045902562658,D0,D1
distancia_pico,4.0,9.0,0.11577189047752547,0.10373838355392848,D0,D1
distancia_pico,9.0,15.0,0.09283010933557612,0.097894959166432,D0,D1
distancia_pico,15.0,24.0,0.10516540510232689,0.11986060264714166,D0,D1
distancia_pico,24.0,37.0,0.1039272030651341,0.12901295409743735,D0,D1
distancia_pico,37.0,inf,0.10194140734510794,0.17618276541819206,D0,D1
semanas_na_parada,-inf,1.0,1.1680878402055835e-05,3.5198873636043646e-05,D0,D1
semanas_na_parada,1.0,3.0,0.16894054432893355,0.22171770503343893,D0,D1
semanas_na_parada,3.0,5.0,0.10899427636958299,0.12069693769799367,D0,D1
semanas_na_parada,5.0,7.0,0.09465015769185843,0.09436818021823301,D0,D1
semanas_na_parada,7.0,10.0,0.12651559397266673,0.11379795846532911,D0,D1
semanas_na_parada,10.0,12.0,0.07603083751898143,0.06719464977120732,D0,D1
semanas_na_parada,12.0,15.0,0.10287349608690574,0.0900739176346357,D0,D1
semanas_na_parada,15.0,19.0,0.11668029435813573,0.0966913058782119,D0,D1
semanas_na_parada,19.0,25.0,0.09574816026165167,0.08387891587469201,D0,D1
semanas_na_parada,25.0,inf,0.10955495853288168,0.11154523055262232,D0,D1
hiato_semanas,-inf,0.0,1.1681970047428799e-05,3.5208788113513136e-05,D0,D1
hiato_semanas,0.0,inf,0.9999883180299526,0.9999647912118865,D0,D1
radio_rank,-inf,11.0,0.09946732705651473,0.09487432232626909,D0,D1
radio_rank,11.0,21.0,0.09911688433053759,0.0968457368161656,D0,D1
radio_rank,21.0,31.0,0.09897670724014672,0.09754981341970007,D0,D1
radio_rank,31.0,41.0,0.09801883045580917,0.08874885587551926,D0,D1
radio_rank,41.0,51.0,0.09180431278181436,0.07389283954094206,D0,D1
radio_rank,51.0,inf,0.5126159381351775,0.5480884320214039,D0,D1
streaming_rank,-inf,11.0,0.09752821063944116,0.09909878194747589,D0,D1
streaming_rank,11.0,21.0,0.09628997967432189,0.09839470534394142,D0,D1
streaming_rank,21.0,32.0,0.09801883045580917,0.10374568753080335,D0,D1
streaming_rank,32.0,46.0,0.10797140387356026,0.11789762726184609,D0,D1
streaming_rank,46.0,51.0,0.03489241408312502,0.034534957403365485,D0,D1
streaming_rank,51.0,inf,0.5652991612737425,0.5463282405125678,D0,D1
digital_rank,-inf,11.0,0.09549564282877368,0.07628669999295923,D0,D1
digital_rank,11.0,22.0,0.0999112211760858,0.06966837991973526,D0,D1
digital_rank,22.0,34.0,0.10266803728710604,0.0642469900725199,D0,D1
digital_rank,34.0,47.0,0.10044856668925076,0.05889600788565796,D0,D1
digital_rank,47.0,51.0,0.02856108216713782,0.01622896571146941,D0,D1
digital_rank,51.0,inf,0.5729154498516459,0.7146729564176583,D0,D1
album_rank,-inf,8.0,0.09535546573838283,0.1802084066746462,D0,D1
album_rank,8.0,24.0,0.10105600074761115,0.08691825670632965,D0,D1
album_rank,24.0,53.0,0.10306520570988015,0.06227557558262339,D0,D1
album_rank,53.0,118.0,0.09972431838889798,0.07769485320002817,D0,D1
album_rank,118.0,201.0,0.0592131392659393,0.05136238822783919,D0,D1
album_rank,201.0,inf,0.5415858701492886,0.5415405196085334,D0,D1
rank,-inf,10.900000000000546,0.1,0.1,D0,D2
rank,10.900000000000546,20.80000000000109,0.1,0.1,D0,D2
rank,20.80000000000109,30.700000000002547,0.1,0.1,D0,D2
rank,30.700000000002547,40.60000000000218,0.1,0.1,D0,D2
rank,40.60000000000218,50.5,0.1,0.1,D0,D2
rank,50.5,60.40000000000509,0.1,0.1,D0,D2
rank,60.40000000000509,70.30000000000291,0.1,0.1,D0,D2
rank,70.30000000000291,80.20000000000437,0.1,0.1,D0,D2
rank,80.20000000000437,90.09999999999854,0.1,0.1,D0,D2
rank,90.09999999999854,inf,0.1,0.1,D0,D2
rank_lag1,-inf,11.0,0.09964957364793832,0.09774727208729321,D0,D2
rank_lag1,11.0,21.0,0.09922906202546432,0.0961281239000352,D0,D2
rank_lag1,21.0,31.0,0.09855157107814508,0.0950721576909539,D0,D2
rank_lag1,31.0,41.0,0.09644901296577503,0.09296022527279127,D0,D2
rank_lag1,41.0,53.0,0.10406494568391543,0.10767335445265752,D0,D2
rank_lag1,53.0,63.0,0.0935755168788693,0.08993312214009151,D0,D2
rank_lag1,63.0,74.0,0.10014017054082466,0.09486096444913762,D0,D2
rank_lag1,74.0,86.0,0.10292021960051397,0.0950721576909539,D0,D2
rank_lag1,86.0,101.0,0.10359771054783319,0.09239704329461457,D0,D2
rank_lag1,101.0,inf,0.10182221703072071,0.13815557902147133,D0,D2
rank_lag2,-inf,11.0,0.0991823385118561,0.0955649419218585,D0,D2
rank_lag2,11.0,21.0,0.09834131526690808,0.0922562478000704,D0,D2
rank_lag2,21.0,31.0,0.09642565120897091,0.08831397395283351,D0,D2
rank_lag2,31.0,43.0,0.10497605419927579,0.10014079549454417,D0,D2
rank_lag2,43.0,55.0,0.09418292255577619,0.09690249912002816,D0,D2
rank_lag2,55.0,67.0,0.10462562784721412,0.09683210137275607,D0,D2
rank_lag2,67.0,79.0,0.0967994393178367,0.08739880323829638,D0,D2
rank_lag2,79.0,94.0,0.10002336175680411,0.08873636043646603,D0,D2
rank_lag2,94.0,101.0,0.03650274500642448,0.03058782118972193,D0,D2
rank_lag2,101.0,inf,0.16894054432893355,0.22326645547342486,D0,D2
variacao_1s,-inf,-10.0,0.08787524821866605,0.14885603660682858,D0,D2
variacao_1s,-10.0,-5.0,0.09971965891835066,0.10225272791270679,D0,D2
variacao_1s,-5.0,-3.0,0.07362457656815792,0.058535726856740584,D0,D2
variacao_1s,-3.0,-1.0,0.10855040299030487,0.08606124604012672,D0,D2
variacao_1s,-1.0,0.0,0.07215278588949889,0.058817317845828936,D0,D2
variacao_1s,0.0,2.0,0.15293774091811704,0.1282998944033791,D0,D2
variacao_1s,2.0,4.0,0.09647237472257914,0.08085181274199225,D0,D2
variacao_1s,4.0,7.0,0.09450998715103376,0.07402323125659979,D0,D2
variacao_1s,7.0,15.0,0.11210139002452985,0.10851812741992256,D0,D2
variacao_1s,15.0,inf,0.10205583459876183,0.1537838789158747,D0,D2
peak_pos,-inf,3.0,0.09621539539773391,0.1311158042942626,D0,D2
peak_pos,3.0,7.0,0.08890316551804696,0.08859556494192186,D0,D2
peak_pos,7.0,14.0,0.10485924541525522,0.09957761351636747,D0,D2
peak_pos,14.0,24.0,0.10432192500876065,0.14744808166138684,D0,D2
peak_pos,24.0,36.0,0.10471907487443055,0.13611404435058078,D0,D2
peak_pos,36.0,46.0,0.09165985282093213,0.08662442801830342,D0,D2
peak_pos,46.0,56.0,0.10147179067865904,0.08380851812741992,D0,D2
peak_pos,56.0,68.0,0.10773274150216096,0.08240056318197818,D0,D2
peak_pos,68.0,81.0,0.09516411634154888,0.06979936642027455,D0,D2
peak_pos,81.0,inf,0.10495269244247167,0.0745160154875044,D0,D2
distancia_pico,-inf,0.0,1.1681151294271564e-05,3.52013517319065e-05,D0,D2
distancia_pico,0.0,1.0,0.3711218577703018,0.266579836665728,D0,D2
distancia_pico,1.0,4.0,0.10923044575273338,0.0812095184455083,D0,D2
distancia_pico,4.0,9.0,0.11577189047752547,0.1131019431146156,D0,D2
distancia_pico,9.0,15.0,0.09283010933557612,0.11450999718389186,D0,D2
distancia_pico,15.0,24.0,0.10516540510232689,0.12795691354548014,D0,D2
distancia_pico,24.0,37.0,0.1039272030651341,0.1233103351168685,D0,D2
distancia_pico,37.0,inf,0.10194140734510794,0.17329625457617573,D0,D2
semanas_na_parada,-inf,1.0,1.1680878402055835e-05,3.5198873636043646e-05,D0,D2
semanas_na_parada,1.0,3.0,0.16894054432893355,0.22326645547342486,D0,D2
semanas_na_parada,3.0,5.0,0.10899427636958299,0.12330165434706089,D0,D2
semanas_na_parada,5.0,7.0,0.09465015769185843,0.0916930658218937,D0,D2
semanas_na_parada,7.0,10.0,0.12651559397266673,0.10527983104540654,D0,D2
semanas_na_parada,10.0,12.0,0.07603083751898143,0.06128123900035199,D0,D2
semanas_na_parada,12.0,15.0,0.10287349608690574,0.08169658570925731,D0,D2
semanas_na_parada,15.0,19.0,0.11668029435813573,0.09288982752551918,D0,D2
semanas_na_parada,19.0,25.0,0.09574816026165167,0.08873636043646603,D0,D2
semanas_na_parada,25.0,inf,0.10955495853288168,0.13181978176698345,D0,D2
hiato_semanas,-inf,0.0,1.1681970047428799e-05,3.5208788113513136e-05,D0,D2
hiato_semanas,0.0,inf,0.9999883180299526,0.9999647912118865,D0,D2
radio_rank,-inf,11.0,0.09946732705651473,0.10001408153207068,D0,D2
radio_rank,11.0,21.0,0.09911688433053759,0.0980426670421742,D0,D2
radio_rank,21.0,31.0,0.09897670724014672,0.08769274097021756,D0,D2
radio_rank,31.0,41.0,0.09801883045580917,0.07030204886291629,D0,D2
radio_rank,41.0,51.0,0.09180431278181436,0.05643173977328733,D0,D2
radio_rank,51.0,inf,0.5126159381351775,0.5875167218193339,D0,D2
streaming_rank,-inf,11.0,0.09752821063944116,0.09987326621136379,D0,D2
streaming_rank,11.0,21.0,0.09628997967432189,0.0938182074209674,D0,D2
streaming_rank,21.0,32.0,0.09801883045580917,0.09135393930859678,D0,D2
streaming_rank,32.0,46.0,0.10797140387356026,0.10261916496514821,D0,D2
streaming_rank,46.0,51.0,0.03489241408312502,0.032704358234175876,D0,D2
streaming_rank,51.0,inf,0.5652991612737425,0.5796310638597479,D0,D2
digital_rank,-inf,11.0,0.09549564282877368,0.07889178342603675,D0,D2
digital_rank,11.0,22.0,0.0999112211760858,0.07128775610786453,D0,D2
digital_rank,22.0,34.0,0.10266803728710604,0.02348095472787439,D0,D2
digital_rank,34.0,47.0,0.10044856668925076,3.5203830176723225e-05,D0,D2
digital_rank,47.0,51.0,0.02856108216713782,3.5203830176723225e-05,D0,D2
digital_rank,51.0,inf,0.5729154498516459,0.8262690980778709,D0,D2
album_rank,-inf,8.0,0.09535546573838283,0.22132648032105892,D0,D2
album_rank,8.0,24.0,0.10105600074761115,0.11318031401816518,D0,D2
album_rank,24.0,53.0,0.10306520570988015,0.10261916496514821,D0,D2
album_rank,53.0,118.0,0.09972431838889798,0.08663662606491586,D0,D2
album_rank,118.0,201.0,0.0592131392659393,0.0629092445258044,D0,D2
album_rank,201.0,inf,0.5415858701492886,0.4133281701049074,D0,D2
rank,-inf,10.900000000000091,0.1,0.1,D1,D2
rank,10.900000000000091,20.800000000000182,0.1,0.1,D1,D2
rank,20.800000000000182,30.700000000000728,0.1,0.1,D1,D2
rank,30.700000000000728,40.600000000000364,0.1,0.1,D1,D2
rank,40.600000000000364,50.5,0.1,0.1,D1,D2
rank,50.5,60.400000000001455,0.1,0.1,D1,D2
rank,60.400000000001455,70.30000000000109,0.1,0.1,D1,D2
rank,70.30000000000109,80.20000000000073,0.1,0.1,D1,D2
rank,80.20000000000073,90.10000000000036,0.1,0.1,D1,D2
rank,90.10000000000036,inf,0.1,0.1,D1,D2
rank_lag1,-inf,11.0,0.09894403379091869,0.09774727208729321,D1,D2
rank_lag1,11.0,21.0,0.09838085181274199,0.0961281239000352,D1,D2
rank_lag1,21.0,31.0,0.09655051038366773,0.0950721576909539,D1,D2
rank_lag1,31.0,42.0,0.10211193241816262,0.10190073917634636,D1,D2
rank_lag1,42.0,53.5,0.10401267159450897,0.10802534318901795,D1,D2
rank_lag1,53.5,65.0,0.09859204505455825,0.09824005631819782,D1,D2
rank_lag1,65.0,76.0,0.0945089757127772,0.09380499824005632,D1,D2
rank_lag1,76.0,90.0,0.10366068285814854,0.1055614220344949,D1,D2
rank_lag1,90.0,101.0,0.06444913762759592,0.06536430834213305,D1,D2
rank_lag1,101.0,inf,0.1387891587469201,0.13815557902147133,D1,D2
rank_lag2,-inf,11.0,0.0975395121264388,0.09556830581857861,D1,D2
rank_lag2,11.0,21.0,0.09472350311520997,0.09225949523038474,D1,D2
rank_lag2,21.0,32.0,0.09894751663205323,0.09704671054947375,D1,D2
rank_lag2,32.0,45.0,0.10788834524270478,0.10774754479214334,D1,D2
rank_lag2,45.0,57.0,0.09535710514273646,0.09739871167587737,D1,D2
rank_lag2,57.0,70.0,0.10267872857193143,0.1022563272202471,D1,D2
rank_lag2,70.0,84.30000000000109,0.1028899292477736,0.10479073533035306,D1,D2
rank_lag2,84.30000000000109,101.0,0.07824985039952127,0.0796578549051357,D1,D2
rank_lag2,101.0,inf,0.22172550952163048,0.22327431447780632,D1,D2
variacao_1s,-inf,-15.0,0.09141147483280535,0.09246744104188666,D1,D2
variacao_1s,-15.0,-8.0,0.09472016895459345,0.09049630411826821,D1,D2
variacao_1s,-8.0,-4.0,0.0994368180218233,0.09493136219640971,D1,D2
variacao_1s,-4.0,-2.0,0.0739528335093277,0.07275607180570222,D1,D2
variacao_1s,-2.0,0.0,0.1099964801126364,0.1038718760999648,D1,D2
variacao_1s,0.0,2.0,0.12639915522703274,0.1282998944033791,D1,D2
variacao_1s,2.0,4.0,0.0766983456529391,0.08085181274199225,D1,D2
variacao_1s,4.0,10.0,0.12689193945793734,0.12900387187609996,D1,D2
variacao_1s,10.0,25.0,0.09760647659274903,0.09824005631819782,D1,D2
variacao_1s,25.0,inf,0.10288630763815558,0.10908130939809926,D1,D2
peak_pos,-inf,2.0,0.08570925730376627,0.08704681450193594,D1,D2
peak_pos,2.0,6.0,0.10922210489264343,0.11246040126715945,D1,D2
peak_pos,6.0,11.0,0.09577613516367477,0.0723336853220697,D1,D2
peak_pos,11.0,17.0,0.10760295670538543,0.09105948609644492,D1,D2
peak_pos,17.0,25.0,0.09176346356916579,0.11407954945441746,D1,D2
peak_pos,25.0,35.0,0.10436466033086941,0.11583949313621963,D1,D2
peak_pos,35.0,49.0,0.10464625131995776,0.117740232312566,D1,D2
peak_pos,49.0,61.0,0.09894403379091869,0.09957761351636747,D1,D2
peak_pos,61.0,75.0,0.09781766983456529,0.08711721224920803,D1,D2
peak_pos,75.0,inf,0.10415346708905315,0.1027455121436114,D1,D2
distancia_pico,-inf,0.0,3.520011264036045e-05,3.520011264036045e-05,D1,D2
distancia_pico,0.0,1.0,0.28839452286247313,0.2665704530254497,D1,D2
distancia_pico,1.0,5.0,0.10725474321517829,0.10500193600619522,D1,D2
distancia_pico,5.0,10.0,0.09831391460452674,0.11133795628146011,D1,D2
distancia_pico,10.0,16.0,0.09451230243936781,0.10887394839663488,D1,D2
distancia_pico,16.0,24.0,0.1062691400612482,0.11154915695730226,D1,D2
distancia_pico,24.0,34.0,0.10401633285226512,0.09901791685733394,D1,D2
distancia_pico,34.0,49.0,0.09979231933542188,0.09831391460452674,D1,D2
distancia_pico,49.0,inf,0.10141152451687846,0.09929951775845683,D1,D2
semanas_na_parada,-inf,1.0,3.5198873636043646e-05,3.5198873636043646e-05,D1,D2
semanas_na_parada,1.0,2.0,0.1387891587469201,0.13815557902147133,D1,D2
semanas_na_parada,2.0,4.0,0.14794086589229144,0.15117916226680747,D1,D2
semanas_na_parada,4.0,6.0,0.10563181978176699,0.10626539950721577,D1,D2
semanas_na_parada,6.0,8.0,0.08472368884195705,0.08106300598380851,D1,D2
semanas_na_parada,8.0,11.0,0.10788454769447378,0.09824005631819782,D1,D2
semanas_na_parada,11.0,14.0,0.0945089757127772,0.08577965505103836,D1,D2
semanas_na_parada,14.0,18.0,0.10351988736360436,0.09648011263639564,D1,D2
semanas_na_parada,18.0,26.0,0.11407954945441746,0.12069693769799367,D1,D2
semanas_na_parada,26.0,inf,0.10288630763815558,0.12210489264343541,D1,D2
hiato_semanas,-inf,0.0,3.5208788113513136e-05,3.5208788113513136e-05,D1,D2
hiato_semanas,0.0,inf,0.9999647912118865,0.9999647912118865,D1,D2
radio_rank,-inf,11.0,0.09487432232626909,0.10001408153207068,D1,D2
radio_rank,11.0,21.0,0.0968457368161656,0.0980426670421742,D1,D2
radio_rank,21.0,32.0,0.1067028092656481,0.09564880659015701,D1,D2
radio_rank,32.0,43.0,0.09522636062803633,0.07494895444624375,D1,D2
radio_rank,43.0,51.0,0.05826233894247694,0.04382876857002042,D1,D2
radio_rank,51.0,inf,0.5480884320214039,0.5875167218193339,D1,D2
streaming_rank,-inf,11.0,0.09909878194747589,0.09987326621136379,D1,D2
streaming_rank,11.0,21.0,0.09839470534394142,0.0938182074209674,D1,D2
streaming_rank,21.0,31.0,0.09431106104344153,0.08318665070759698,D1,D2
streaming_rank,31.0,43.0,0.10473139477575161,0.09057945504470886,D1,D2
streaming_rank,43.0,51.0,0.057135816376821795,0.05291135675561501,D1,D2
streaming_rank,51.0,inf,0.5463282405125678,0.5796310638597479,D1,D2
digital_rank,-inf,14.0,0.09586677932685538,0.10009153640332348,D1,D2
digital_rank,14.0,31.0,0.09959864807773552,0.07354597943951556,D1,D2
digital_rank,31.0,51.0,0.08981129418391776,3.520630897056752e-05,D1,D2
digital_rank,51.0,inf,0.7147232784114913,0.8263272778481904,D1,D2
album_rank,-inf,2.0,0.07192142505104555,0.083820319650778,D1,D2
album_rank,2.0,10.0,0.1235302400901218,0.16084630007744843,D1,D2
album_rank,10.0,36.0,0.10395691051186369,0.14570865310145745,D1,D2
album_rank,36.0,110.0,0.10043652749419137,0.12303738646764768,D1,D2
album_rank,110.0,201.0,0.058614377244244176,0.07325917059776103,D1,D2
album_rank,201.0,inf,0.5415405196085334,0.4133281701049074,D1,D2
