date,mean,size,conjunto
2013-01-02,0.43,100,D0
2013-01-09,0.44,100,D0
2013-01-16,0.48,100,D0
2013-01-23,0.31,100,D0
2013-01-30,0.54,100,D0
2013-02-06,0.42,100,D0
2013-02-13,0.31,100,D0
2013-02-20,0.32,100,D0
2013-02-27,0.46,100,D0
2013-03-06,0.33,100,D0
2013-03-13,0.44,100,D0
2013-03-20,0.3,100,D0
2013-03-27,0.41,100,D0
2013-04-03,0.42,100,D0
2013-04-10,0.35,100,D0
2013-04-17,0.35,100,D0
2013-04-24,0.33,100,D0
2013-05-01,0.38,100,D0
2013-05-08,0.44,100,D0
2013-05-15,0.36,100,D0
2013-05-22,0.41,100,D0
2013-05-29,0.35,100,D0
2013-06-05,0.43,100,D0
2013-06-12,0.31,100,D0
2013-06-19,0.46,100,D0
2013-06-26,0.3,100,D0
2013-07-03,0.46,100,D0
2013-07-10,0.45,100,D0
2013-07-17,0.37,100,D0
2013-07-24,0.45,100,D0
2013-07-31,0.2,100,D0
2013-08-07,0.49,100,D0
2013-08-14,0.37,100,D0
2013-08-21,0.33,100,D0
2013-08-28,0.41,100,D0
2013-09-04,0.29,100,D0
2013-09-11,0.53,100,D0
2013-09-18,0.38,100,D0
2013-09-25,0.25,100,D0
2013-10-02,0.31,100,D0
2013-10-09,0.39,100,D0
2013-10-16,0.37,100,D0
2013-10-23,0.44,100,D0
2013-10-30,0.34,100,D0
2013-11-06,0.39,100,D0
2013-11-13,0.36,100,D0
2013-11-20,0.48,100,D0
2013-11-27,0.34,100,D0
2013-12-04,0.52,100,D0
2013-12-11,0.43,100,D0
2013-12-18,0.4,100,D0
2013-12-25,0.27,100,D0
2014-01-01,0.4,100,D0
2014-01-08,0.5,100,D0
2014-01-15,0.36,100,D0
2014-01-22,0.45,100,D0
2014-01-29,0.48,100,D0
2014-02-05,0.25,100,D0
2014-02-12,0.59,100,D0
2014-02-19,0.39,100,D0
2014-02-26,0.53,100,D0
2014-03-05,0.41,100,D0
2014-03-12,0.31,100,D0
2014-03-19,0.32,100,D0
2014-03-26,0.49,100,D0
2014-04-02,0.37,100,D0
2014-04-09,0.4,100,D0
2014-04-16,0.37,100,D0
2014-04-23,0.32,100,D0
2014-04-30,0.35,100,D0
2014-05-07,0.28,100,D0
2014-05-14,0.4,100,D0
2014-05-21,0.39,100,D0
2014-05-28,0.37,100,D0
2014-06-04,0.56,100,D0
2014-06-11,0.42,100,D0
2014-06-18,0.42,100,D0
2014-06-25,0.36,100,D0
2014-07-02,0.37,100,D0
2014-07-09,0.37,100,D0
2014-07-16,0.41,100,D0
2014-07-23,0.38,100,D0
2014-07-30,0.44,100,D0
2014-08-06,0.36,100,D0
2014-08-13,0.45,100,D0
2014-08-20,0.39,100,D0
2014-08-27,0.44,100,D0
2014-09-03,0.36,100,D0
2014-09-10,0.52,100,D0
2014-09-17,0.33,100,D0
2014-09-24,0.35,100,D0
2014-10-01,0.43,100,D0
2014-10-08,0.26,100,D0
2014-10-15,0.44,100,D0
2014-10-22,0.4,100,D0
2014-10-29,0.48,100,D0
2014-11-05,0.3,100,D0
2014-11-12,0.46,100,D0
2014-11-19,0.37,100,D0
2014-11-26,0.28,100,D0
2014-12-03,0.28,100,D0
2014-12-10,0.47,100,D0
2014-12-17,0.39,100,D0
2014-12-24,0.25,100,D0
2014-12-31,0.46,100,D0
2015-01-07,0.4,100,D0
2015-01-14,0.39,100,D0
2015-01-21,0.36,100,D0
2015-01-28,0.47,100,D0
2015-02-04,0.45,100,D0
2015-02-11,0.33,100,D0
2015-02-18,0.38,100,D0
2015-02-25,0.39,100,D0
2015-03-04,0.41,100,D0
2015-03-11,0.38,100,D0
2015-03-18,0.37,100,D0
2015-03-25,0.42,100,D0
2015-04-01,0.36,100,D0
2015-04-08,0.33,100,D0
2015-04-15,0.48,100,D0
2015-04-22,0.42,100,D0
2015-04-29,0.45,100,D0
2015-05-06,0.46,100,D0
2015-05-13,0.39,100,D0
2015-05-20,0.34,100,D0
2015-05-27,0.31,100,D0
2015-06-03,0.47,100,D0
2015-06-10,0.46,100,D0
2015-06-17,0.43,100,D0
2015-06-24,0.49,100,D0
2015-07-01,0.29,100,D0
2015-07-08,0.28,100,D0
2015-07-15,0.4,100,D0
2015-07-22,0.48,100,D0
2015-07-29,0.32,100,D0
2015-08-05,0.42,100,D0
2015-08-12,0.34,100,D0
2015-08-19,0.46,100,D0
2015-08-26,0.35,100,D0
2015-09-02,0.47,100,D0
2015-09-09,0.24,100,D0
2015-09-16,0.46,100,D0
2015-09-23,0.43,100,D0
2015-09-30,0.23,100,D0
2015-10-07,0.42,100,D0
2015-10-14,0.45,100,D0
2015-10-21,0.49,100,D0
2015-10-28,0.4,100,D0
2015-11-04,0.33,100,D0
2015-11-11,0.36,100,D0
2015-11-18,0.37,100,D0
2015-11-25,0.17,100,D0
2015-12-02,0.5,100,D0
2015-12-09,0.43,100,D0
2015-12-16,0.42,100,D0
2015-12-23,0.32,100,D0
2015-12-30,0.5,100,D0
2016-01-06,0.54,100,D0
2016-01-13,0.46,100,D0
2016-01-20,0.39,100,D0
2016-01-27,0.53,100,D0
2016-02-03,0.39,100,D0
2016-02-10,0.19,100,D0
2016-02-17,0.43,100,D0
2016-02-24,0.34,100,D0
2016-03-02,0.42,100,D0
2016-03-09,0.37,100,D0
2016-03-16,0.36,100,D0
2016-03-23,0.35,100,D0
2016-03-30,0.45,100,D0
2016-04-06,0.5,100,D0
2016-04-13,0.27,100,D0
2016-04-20,0.46,100,D0
2016-04-27,0.23,100,D0
2016-05-04,0.11,100,D0
2016-05-11,0.35,100,D0
2016-05-18,0.52,100,D0
2016-05-25,0.36,100,D0
2016-06-01,0.44,100,D0
2016-06-08,0.4,100,D0
2016-06-15,0.34,100,D0
2016-06-22,0.42,100,D0
2016-06-29,0.38,100,D0
2016-07-06,0.34,100,D0
2016-07-13,0.4,100,D0
2016-07-20,0.43,100,D0
2016-07-27,0.29,100,D0
2016-08-03,0.37,100,D0
2016-08-10,0.3,100,D0
2016-08-17,0.28,100,D0
2016-08-24,0.47,100,D0
2016-08-31,0.4,100,D0
2016-09-07,0.34,100,D0
2016-09-14,0.39,100,D0
2016-09-21,0.25,100,D0
2016-09-28,0.4,100,D0
2016-10-05,0.39,100,D0
2016-10-12,0.42,100,D0
2016-10-19,0.34,100,D0
2016-10-26,0.42,100,D0
2016-11-02,0.21,100,D0
2016-11-09,0.37,100,D0
2016-11-16,0.39,100,D0
2016-11-23,0.4,100,D0
2016-11-30,0.34,100,D0
2016-12-07,0.13,100,D0
2016-12-14,0.37,100,D0
2016-12-21,0.1,100,D0
2016-12-28,0.61,100,D0
2017-01-04,0.46,100,D0
2017-01-11,0.6,100,D0
2017-01-18,0.36,100,D0
2017-01-25,0.41,100,D0
2017-02-01,0.45,100,D0
2017-02-08,0.25,100,D0
2017-02-15,0.26,100,D0
2017-02-22,0.37,100,D0
2017-03-01,0.21,100,D0
2017-03-08,0.34,100,D0
2017-03-15,0.31,100,D0
2017-03-22,0.44,100,D0
2017-03-29,0.11,100,D0
2017-04-05,0.56,100,D0
2017-04-12,0.32,100,D0
2017-04-19,0.45,100,D0
2017-04-26,0.1,100,D0
2017-05-03,0.55,100,D0
2017-05-10,0.33,100,D0
2017-05-17,0.41,100,D0
2017-05-24,0.28,100,D0
2017-05-31,0.42,100,D0
2017-06-07,0.38,100,D0
2017-06-14,0.36,100,D0
2017-06-21,0.37,100,D0
2017-06-28,0.29,100,D0
2017-07-05,0.38,100,D0
2017-07-12,0.37,100,D0
2017-07-19,0.21,100,D0
2017-07-26,0.49,100,D0
2017-08-02,0.26,100,D0
2017-08-09,0.45,100,D0
2017-08-16,0.47,100,D0
2017-08-23,0.36,100,D0
2017-08-30,0.34,100,D0
2017-09-06,0.21,100,D0
2017-09-13,0.33,100,D0
2017-09-20,0.27,100,D0
2017-09-27,0.34,100,D0
2017-10-04,0.42,100,D0
2017-10-11,0.41,100,D0
2017-10-18,0.38,100,D0
2017-10-25,0.47,100,D0
2017-11-01,0.29,100,D0
2017-11-08,0.35,100,D0
2017-11-15,0.28,100,D0
2017-11-22,0.35,100,D0
2017-11-29,0.54,100,D0
2017-12-06,0.35,100,D0
2017-12-13,0.3,100,D0
2017-12-20,0.33,100,D0
2017-12-27,0.25,100,D0
2018-01-03,0.54,100,D0
2018-01-10,0.37,100,D0
2018-01-17,0.42,100,D0
2018-01-24,0.22,100,D0
2018-01-31,0.23,100,D0
2018-02-07,0.49,100,D0
2018-02-14,0.25,100,D0
2018-02-21,0.43,100,D0
2018-02-28,0.35,100,D0
2018-03-07,0.27,100,D0
2018-03-14,0.34,100,D0
2018-03-21,0.32,100,D0
2018-03-28,0.48,100,D0
2018-04-04,0.25,100,D0
2018-04-11,0.07,100,D0
2018-04-18,0.32,100,D0
2018-04-25,0.06,100,D0
2018-05-02,0.17,100,D0
2018-05-09,0.54,100,D0
2018-05-16,0.43,100,D0
2018-05-23,0.3,100,D0
2018-05-30,0.24,100,D0
2018-06-06,0.14,100,D0
2018-06-13,0.5,100,D0
2018-06-20,0.13,100,D0
2018-06-27,0.41,100,D0
2018-07-04,0.09,100,D0
2018-07-11,0.54,100,D0
2018-07-18,0.39,100,D0
2018-07-25,0.36,100,D0
2018-08-01,0.42,100,D0
2018-08-08,0.06,100,D0
2018-08-15,0.56,100,D0
2018-08-22,0.37,100,D0
2018-08-29,0.34,100,D0
2018-09-05,0.12,100,D0
2018-09-12,0.61,100,D0
2018-09-19,0.34,100,D0
2018-09-26,0.39,100,D0
2018-10-03,0.02,100,D0
2018-10-10,0.55,100,D0
2018-10-17,0.36,100,D0
2018-10-24,0.35,100,D0
2018-10-31,0.32,100,D0
2018-11-07,0.24,100,D0
2018-11-14,0.35,100,D0
2018-11-21,0.48,100,D0
2018-11-28,0.18,100,D0
2018-12-05,0.16,100,D0
2018-12-12,0.43,100,D0
2018-12-19,0.34,100,D0
2018-12-26,0.23,100,D0
2019-01-02,0.66,100,D0
2019-01-09,0.39,100,D0
2019-01-16,0.25,100,D0
2019-01-23,0.17,100,D0
2019-01-30,0.36,100,D0
2019-02-06,0.35,100,D0
2019-02-13,0.13,100,D0
2019-02-20,0.4,100,D0
2019-02-27,0.29,100,D0
2019-03-06,0.31,100,D0
2019-03-13,0.34,100,D0
2019-03-20,0.48,100,D0
2019-03-27,0.5,100,D0
2019-04-03,0.12,100,D0
2019-04-10,0.4,100,D0
2019-04-17,0.36,100,D0
2019-04-24,0.44,100,D0
2019-05-01,0.31,100,D0
2019-05-08,0.26,100,D0
2019-05-15,0.4,100,D0
2019-05-22,0.13,100,D0
2019-05-29,0.46,100,D0
2019-06-05,0.29,100,D0
2019-06-12,0.37,100,D0
2019-06-19,0.28,100,D0
2019-06-26,0.21,100,D0
2019-07-03,0.31,100,D0
2019-07-10,0.28,100,D0
2019-07-17,0.43,100,D0
2019-07-24,0.41,100,D0
2019-07-31,0.41,100,D0
2019-08-07,0.34,100,D0
2019-08-14,0.38,100,D0
2019-08-21,0.25,100,D0
2019-08-28,0.11,100,D0
2019-09-04,0.58,100,D0
2019-09-11,0.12,100,D0
2019-09-18,0.52,100,D0
2019-09-25,0.45,100,D0
2019-10-02,0.18,100,D0
2019-10-09,0.27,100,D0
2019-10-16,0.33,100,D0
2019-10-23,0.38,100,D0
2019-10-30,0.13,100,D0
2019-11-06,0.64,100,D0
2019-11-13,0.27,100,D0
2019-11-20,0.29,100,D0
2019-11-27,0.18,100,D0
2019-12-04,0.21,100,D0
2019-12-11,0.33,100,D0
2019-12-18,0.27,100,D0
2019-12-25,0.24,100,D0
2020-01-01,0.7,100,D0
2020-01-08,0.44,100,D0
2020-01-15,0.29,100,D0
2020-01-22,0.13,100,D0
2020-01-29,0.5,100,D0
2020-02-05,0.42,100,D0
2020-02-12,0.28,100,D0
2020-02-19,0.25,100,D0
2020-02-26,0.29,100,D0
2020-03-04,0.13,100,D0
2020-03-11,0.11,100,D0
2020-03-18,0.51,100,D0
2020-03-25,0.24,100,D0
2020-04-01,0.54,100,D0
2020-04-08,0.27,100,D0
2020-04-15,0.35,100,D0
2020-04-22,0.13,100,D0
2020-04-29,0.42,100,D0
2020-05-06,0.09,100,D0
2020-05-13,0.51,100,D0
2020-05-20,0.24,100,D0
2020-05-27,0.46,100,D0
2020-06-03,0.49,100,D0
2020-06-10,0.51,100,D0
2020-06-17,0.22,100,D0
2020-06-24,0.46,100,D0
2020-07-01,0.37,100,D0
2020-07-08,0.11,100,D0
2020-07-15,0.13,100,D0
2020-07-22,0.63,100,D0
2020-07-29,0.06,100,D0
2020-08-05,0.62,100,D0
2020-08-12,0.39,100,D0
2020-08-19,0.23,100,D0
2020-08-26,0.32,100,D0
2020-09-02,0.3,100,D0
2020-09-09,0.38,100,D0
2020-09-16,0.31,100,D0
2020-09-23,0.42,100,D0
2020-09-30,0.32,100,D0
2020-10-07,0.06,100,D0
2020-10-14,0.63,100,D0
2020-10-21,0.33,100,D0
2020-10-28,0.23,100,D0
2020-11-04,0.18,100,D0
2020-11-11,0.51,100,D0
2020-11-18,0.23,100,D0
2020-11-25,0.07,100,D0
2020-12-02,0.18,100,D0
2020-12-09,0.53,100,D0
2020-12-16,0.14,100,D0
2020-12-23,0.44,100,D0
2020-12-30,0.54,100,D0
2021-01-06,0.66,100,D0
2021-01-13,0.17,100,D0
2021-01-20,0.41,100,D0
2021-01-27,0.48,100,D0
2021-02-03,0.4,100,D0
2021-02-10,0.42,100,D0
2021-02-17,0.37,100,D0
2021-02-24,0.46,100,D0
2021-03-03,0.4,100,D0
2021-03-10,0.28,100,D0
2021-03-24,0.16,100,D1
2021-03-31,0.24,100,D1
2021-04-07,0.45,100,D1
2021-04-14,0.16,100,D1
2021-04-21,0.4,100,D1
2021-04-28,0.31,100,D1
2021-05-05,0.31,100,D1
2021-05-12,0.37,100,D1
2021-05-19,0.07,100,D1
2021-05-26,0.3,100,D1
2021-06-02,0.57,100,D1
2021-06-09,0.14,100,D1
2021-06-16,0.36,100,D1
2021-06-23,0.49,100,D1
2021-06-30,0.11,100,D1
2021-07-07,0.5,100,D1
2021-07-14,0.15,100,D1
2021-07-21,0.3,100,D1
2021-07-28,0.3,100,D1
2021-08-04,0.35,100,D1
2021-08-11,0.4,100,D1
2021-08-18,0.36,100,D1
2021-08-25,0.29,100,D1
2021-09-01,0.05,100,D1
2021-09-08,0.06,100,D1
2021-09-15,0.57,100,D1
2021-09-22,0.46,100,D1
2021-09-29,0.29,100,D1
2021-10-06,0.48,100,D1
2021-10-13,0.34,100,D1
2021-10-20,0.2,100,D1
2021-10-27,0.39,100,D1
2021-11-03,0.34,100,D1
2021-11-10,0.04,100,D1
2021-11-17,0.18,100,D1
2021-11-24,0.25,100,D1
2021-12-01,0.16,100,D1
2021-12-08,0.24,100,D1
2021-12-15,0.27,100,D1
2021-12-22,0.39,100,D1
2021-12-29,0.52,100,D1
2022-01-05,0.71,100,D1
2022-01-12,0.08,100,D1
2022-01-19,0.57,100,D1
2022-01-26,0.37,100,D1
2022-02-02,0.4,100,D1
2022-02-09,0.22,100,D1
2022-02-16,0.25,100,D1
2022-02-23,0.52,100,D1
2022-03-02,0.41,100,D1
2022-03-09,0.32,100,D1
2022-03-16,0.12,100,D1
2022-03-23,0.57,100,D1
2022-03-30,0.28,100,D1
2022-04-06,0.31,100,D1
2022-04-13,0.21,100,D1
2022-04-20,0.35,100,D1
2022-04-27,0.25,100,D1
2022-05-04,0.06,100,D1
2022-05-11,0.05,100,D1
2022-05-18,0.14,100,D1
2022-05-25,0.4,100,D1
2022-06-01,0.49,100,D1
2022-06-08,0.27,100,D1
2022-06-15,0.31,100,D1
2022-06-22,0.06,100,D1
2022-06-29,0.7,100,D1
2022-07-06,0.4,100,D1
2022-07-13,0.28,100,D1
2022-07-20,0.47,100,D1
2022-07-27,0.42,100,D1
2022-08-03,0.14,100,D1
2022-08-10,0.52,100,D1
2022-08-17,0.26,100,D1
2022-08-24,0.48,100,D1
2022-08-31,0.11,100,D1
2022-09-07,0.6,100,D1
2022-09-14,0.38,100,D1
2022-09-21,0.39,100,D1
2022-09-28,0.36,100,D1
2022-10-05,0.44,100,D1
2022-10-12,0.43,100,D1
2022-10-19,0.07,100,D1
2022-10-26,0.1,100,D1
2022-11-02,0.42,100,D1
2022-11-09,0.06,100,D1
2022-11-16,0.53,100,D1
2022-11-23,0.28,100,D1
2022-11-30,0.16,100,D1
2022-12-07,0.16,100,D1
2022-12-14,0.15,100,D1
2022-12-21,0.45,100,D1
2022-12-28,0.4,100,D1
2023-01-04,0.6,100,D1
2023-01-11,0.47,100,D1
2023-01-18,0.28,100,D1
2023-01-25,0.38,100,D1
2023-02-01,0.25,100,D1
2023-02-08,0.35,100,D1
2023-02-15,0.22,100,D1
2023-02-22,0.38,100,D1
2023-03-01,0.26,100,D1
2023-03-08,0.06,100,D1
2023-03-15,0.56,100,D1
2023-03-22,0.28,100,D1
2023-03-29,0.22,100,D1
2023-04-05,0.37,100,D1
2023-04-12,0.34,100,D1
2023-04-19,0.31,100,D1
2023-04-26,0.38,100,D1
2023-05-03,0.38,100,D1
2023-05-10,0.28,100,D1
2023-05-17,0.3,100,D1
2023-05-24,0.25,100,D1
2023-05-31,0.18,100,D1
2023-06-07,0.31,100,D1
2023-06-14,0.5,100,D1
2023-06-21,0.15,100,D1
2023-06-28,0.17,100,D1
2023-07-05,0.13,100,D1
2023-07-12,0.08,100,D1
2023-07-19,0.61,100,D1
2023-07-26,0.34,100,D1
2023-08-02,0.08,100,D1
2023-08-09,0.65,100,D1
2023-08-16,0.19,100,D1
2023-08-23,0.47,100,D1
2023-08-30,0.06,100,D1
2023-09-06,0.53,100,D1
2023-09-13,0.12,100,D1
2023-09-20,0.24,100,D1
2023-09-27,0.45,100,D1
2023-10-04,0.4,100,D1
2023-10-11,0.03,100,D1
2023-10-18,0.37,100,D1
2023-10-25,0.52,100,D1
2023-11-01,0.01,100,D1
2023-11-08,0.67,100,D1
2023-11-15,0.42,100,D1
2023-11-22,0.12,100,D1
2023-11-29,0.18,100,D1
2023-12-06,0.35,100,D1
